created_at,entry_id,field1,field2,field3,field4,field5,field6,field7,field8,latitude,longitude,elevation,status
2020-05-14 17:58:24 PDT,1,2,5,5,21.63000,52.88379,37.94350,-122.56430,20,,,,
2020-05-14 17:59:07 PDT,2,2,5,7,21.61000,52.80078,37.94350,-122.56430,20,,,,
2020-05-14 17:59:34 PDT,3,2,5,5,21.59000,52.94629,37.94350,-122.56430,20,,,,
2020-05-14 18:00:15 PDT,4,2,2,2,21.56000,53.14551,37.94350,-122.56430,8,,,,
2020-05-14 18:00:58 PDT,5,1,2,3,21.54000,53.00879,37.94350,-122.56430,8,,,,
2020-05-14 18:01:37 PDT,6,1,2,4,21.52000,52.92773,37.94350,-122.56430,8,,,,
2020-05-14 18:02:18 PDT,7,1,3,3,21.50000,52.99316,37.94350,-122.56430,12,,,,
2020-05-14 18:03:00 PDT,8,1,2,4,21.48000,53.14844,37.94350,-122.56430,8,,,,
2020-05-14 18:03:39 PDT,9,1,3,3,21.46000,53.26953,37.94350,-122.56430,12,,,,
2020-05-14 18:04:20 PDT,10,1,4,4,21.44000,53.36816,37.94350,-122.56430,16,,,,
2020-05-14 18:05:03 PDT,11,1,2,2,21.43000,53.22168,37.94350,-122.56430,8,,,,
2020-05-14 18:05:45 PDT,12,0,2,3,21.41000,53.02637,37.94350,-122.56430,8,,,,
2020-05-14 18:06:13 PDT,13,0,1,1,21.40000,53.20605,37.94350,-122.56430,4,,,,
2020-05-14 18:07:07 PDT,14,1,1,2,21.38000,53.38379,37.94350,-122.56430,4,,,,
2020-05-14 18:07:37 PDT,15,0,1,2,21.37000,53.33789,37.94350,-122.56430,4,,,,
2020-05-14 18:08:16 PDT,16,1,2,2,21.36000,53.42676,37.94350,-122.56430,8,,,,
2020-05-14 18:08:57 PDT,17,1,2,2,21.35000,53.53906,37.94350,-122.56430,8,,,,
2020-05-14 18:09:39 PDT,18,0,1,2,21.35000,53.76270,37.94350,-122.56430,4,,,,
2020-05-14 18:10:19 PDT,19,1,2,2,21.35000,53.64062,37.94350,-122.56430,8,,,,
2020-05-14 18:11:00 PDT,20,0,1,2,21.35000,53.57227,37.94350,-122.56430,4,,,,
2020-05-14 18:11:41 PDT,21,1,3,3,21.33000,53.62695,37.94350,-122.56430,12,,,,
2020-05-14 18:12:23 PDT,22,1,2,3,21.33000,53.71680,37.94350,-122.56430,8,,,,
2020-05-14 18:13:06 PDT,23,0,1,1,21.32000,53.55664,37.94350,-122.56430,4,,,,
2020-05-14 18:13:33 PDT,24,0,2,2,21.32000,53.55664,37.94350,-122.56430,8,,,,
2020-05-14 18:14:15 PDT,25,0,0,0,21.31000,53.62402,37.94350,-122.56430,0,,,,
2020-05-14 18:14:57 PDT,26,0,0,0,21.30000,53.57715,37.94350,-122.56430,0,,,,
2020-05-14 18:15:36 PDT,27,0,0,0,21.29000,53.57617,37.94350,-122.56430,0,,,,
2020-05-14 18:16:17 PDT,28,1,1,1,21.29000,53.63281,37.94350,-122.56430,4,,,,
2020-05-14 18:16:59 PDT,29,0,1,1,21.28000,53.68750,37.94350,-122.56430,4,,,,
2020-05-14 18:17:39 PDT,30,0,0,0,21.27000,53.72070,37.94350,-122.56430,0,,,,
2020-05-14 18:18:20 PDT,31,0,0,2,21.26000,53.70898,37.94350,-122.56430,0,,,,
2020-05-14 18:19:02 PDT,32,0,0,0,21.26000,53.69727,37.94350,-122.56430,0,,,,
2020-05-14 18:19:43 PDT,33,0,1,1,21.22000,53.77441,37.94350,-122.56430,4,,,,
2020-05-14 18:20:25 PDT,34,0,0,1,21.25000,53.86523,37.94350,-122.56430,0,,,,
2020-05-14 18:20:53 PDT,35,0,0,0,21.26000,53.90039,37.94350,-122.56430,0,,,,
2020-05-14 18:21:47 PDT,36,0,0,2,21.26000,53.85547,37.94350,-122.56430,0,,,,
2020-05-14 18:22:16 PDT,37,0,0,0,21.26000,53.91211,37.94350,-122.56430,0,,,,
2020-05-14 18:22:56 PDT,38,0,1,1,21.27000,53.85547,37.94350,-122.56430,4,,,,
2020-05-14 18:23:37 PDT,39,0,1,1,21.26000,53.65234,37.94350,-122.56430,4,,,,
2020-05-14 18:24:20 PDT,40,0,1,1,21.26000,53.77637,37.94350,-122.56430,4,,,,
2020-05-14 18:24:59 PDT,41,0,1,1,21.26000,53.77637,37.94350,-122.56430,4,,,,
2020-05-14 18:25:40 PDT,42,0,0,0,21.26000,53.68555,37.94350,-122.56430,0,,,,
2020-05-14 18:26:23 PDT,43,0,0,0,21.26000,53.75293,37.94350,-122.56430,0,,,,
2020-05-14 18:27:02 PDT,44,0,1,1,21.25000,53.78613,37.94350,-122.56430,4,,,,
2020-05-14 18:27:43 PDT,45,0,0,0,21.25000,53.83203,37.94350,-122.56430,0,,,,
2020-05-14 18:28:26 PDT,46,0,0,0,21.25000,53.76465,37.94350,-122.56430,0,,,,
2020-05-14 18:28:53 PDT,47,0,1,1,21.25000,53.89844,37.94350,-122.56430,4,,,,
2020-05-14 18:29:47 PDT,48,0,0,0,21.25000,53.91016,37.94350,-122.56430,0,,,,
2020-05-14 18:30:17 PDT,49,0,1,1,21.25000,53.87598,37.94350,-122.56430,4,,,,
2020-05-14 18:30:56 PDT,50,0,0,1,21.25000,53.84277,37.94350,-122.56430,0,,,,
2020-05-14 18:31:37 PDT,51,0,0,0,21.25000,53.87598,37.94350,-122.56430,0,,,,
2020-05-14 18:32:19 PDT,52,0,0,0,21.26000,53.86719,37.94350,-122.56430,0,,,,
2020-05-14 18:32:59 PDT,53,0,0,0,21.27000,53.94629,37.94350,-122.56430,0,,,,
2020-05-14 18:33:40 PDT,54,0,0,0,21.26000,53.88965,37.94350,-122.56430,0,,,,
2020-05-14 18:34:24 PDT,55,0,2,2,21.27000,53.82227,37.94350,-122.56430,8,,,,
2020-05-14 18:35:06 PDT,56,0,0,0,21.27000,53.82324,37.94350,-122.56430,0,,,,
2020-05-14 18:35:37 PDT,57,0,0,0,21.28000,53.89063,37.94350,-122.56430,0,,,,
2020-05-14 18:36:18 PDT,58,0,0,2,21.28000,53.75586,37.94350,-122.56430,0,,,,
2020-05-14 18:37:00 PDT,59,0,0,3,21.27000,53.69922,37.94350,-122.56430,0,,,,
2020-05-14 18:37:40 PDT,60,0,2,2,21.27000,53.65234,37.94350,-122.56430,8,,,,
2020-05-14 18:38:21 PDT,61,0,1,1,21.27000,53.60742,37.94350,-122.56430,4,,,,
2020-05-14 18:39:03 PDT,62,0,1,1,21.27000,53.59668,37.94350,-122.56430,4,,,,
2020-05-14 18:39:42 PDT,63,0,0,0,21.27000,53.61914,37.94350,-122.56430,0,,,,
2020-05-14 18:40:23 PDT,64,0,0,0,21.27000,53.79980,37.94350,-122.56430,0,,,,
2020-05-14 18:41:05 PDT,65,0,1,1,21.26000,53.62988,37.94350,-122.56430,4,,,,
2020-05-14 18:41:33 PDT,66,1,3,3,21.26000,53.68652,37.94350,-122.56430,12,,,,
2020-05-14 18:42:16 PDT,67,0,1,2,21.26000,53.75293,37.94350,-122.56430,4,,,,
2020-05-14 18:42:59 PDT,68,0,1,1,21.26000,53.79785,37.94350,-122.56430,4,,,,
2020-05-14 18:43:38 PDT,69,0,1,2,21.26000,53.67480,37.94350,-122.56430,4,,,,
2020-05-14 18:44:19 PDT,70,0,0,0,21.26000,53.70898,37.94350,-122.56430,0,,,,
2020-05-14 18:45:01 PDT,71,0,0,0,21.26000,53.67383,37.94350,-122.56430,0,,,,
2020-05-14 18:45:40 PDT,72,0,0,0,21.25000,53.65039,37.94350,-122.56430,0,,,,
2020-05-14 18:46:21 PDT,73,0,1,1,21.26000,53.64062,37.94350,-122.56430,4,,,,
2020-05-14 18:47:04 PDT,74,0,0,0,21.25000,53.67285,37.94350,-122.56430,0,,,,
2020-05-14 18:47:35 PDT,75,0,1,1,21.25000,53.70703,37.94350,-122.56430,4,,,,
2020-05-14 18:48:19 PDT,76,0,1,1,21.25000,53.70605,37.94350,-122.56430,4,,,,
2020-05-14 18:49:01 PDT,77,0,1,1,21.25000,53.68359,37.94350,-122.56430,4,,,,
2020-05-14 18:49:43 PDT,78,0,0,0,21.24000,53.73926,37.94350,-122.56430,0,,,,
2020-05-14 18:50:24 PDT,79,0,0,3,21.24000,53.71680,37.94350,-122.56430,0,,,,
2020-05-14 18:51:06 PDT,80,0,0,0,21.25000,53.74121,37.94350,-122.56430,0,,,,
2020-05-14 18:51:34 PDT,81,0,1,1,21.25000,53.70605,37.94350,-122.56430,4,,,,
2020-05-14 18:52:15 PDT,82,0,0,0,21.25000,53.52637,37.94350,-122.56430,0,,,,
2020-05-14 18:52:57 PDT,83,0,0,0,21.24000,53.46875,37.94350,-122.56430,0,,,,
2020-05-14 18:53:36 PDT,84,0,0,0,21.24000,53.46875,37.94350,-122.56430,0,,,,
2020-05-14 18:54:17 PDT,85,0,1,1,21.24000,53.43555,37.94350,-122.56430,4,,,,
2020-05-14 18:54:59 PDT,86,0,1,1,21.23000,53.54688,37.94350,-122.56430,4,,,,
2020-05-14 18:55:38 PDT,87,0,1,1,21.24000,53.58203,37.94350,-122.56430,4,,,,
2020-05-14 18:56:19 PDT,88,0,0,0,21.24000,53.72852,37.94350,-122.56430,0,,,,
2020-05-14 18:57:01 PDT,89,0,0,0,21.23000,53.63672,37.94350,-122.56430,0,,,,
2020-05-14 18:57:41 PDT,90,1,2,2,21.24000,53.50293,37.94350,-122.56430,8,,,,
2020-05-14 18:58:25 PDT,91,0,1,1,21.23000,53.64941,37.94350,-122.56430,4,,,,
2020-05-14 18:59:07 PDT,92,0,1,1,21.23000,53.67090,37.94350,-122.56430,4,,,,
2020-05-14 18:59:35 PDT,93,0,0,0,21.23000,53.54688,37.94350,-122.56430,0,,,,
2020-05-14 19:00:16 PDT,94,0,0,0,21.23000,53.65723,37.94350,-122.56430,0,,,,
2020-05-14 19:00:58 PDT,95,0,0,0,21.23000,53.65918,37.94350,-122.56430,0,,,,
2020-05-14 19:01:37 PDT,96,0,0,0,21.23000,53.65820,37.94350,-122.56430,0,,,,
2020-05-14 19:02:18 PDT,97,0,1,1,21.23000,53.65918,37.94350,-122.56430,4,,,,
2020-05-14 19:03:00 PDT,98,0,0,0,21.22000,53.64746,37.94350,-122.56430,0,,,,
2020-05-14 19:03:39 PDT,99,0,1,1,21.22000,53.55664,37.94350,-122.56430,4,,,,
2020-05-14 19:04:20 PDT,100,0,1,1,21.22000,53.66992,37.94350,-122.56430,4,,,,
2020-05-14 19:05:02 PDT,101,0,0,0,21.21000,53.63477,37.94350,-122.56430,0,,,,
2020-05-14 19:05:41 PDT,102,0,1,2,21.22000,53.64746,37.94350,-122.56430,4,,,,
2020-05-14 19:06:22 PDT,103,0,0,0,21.22000,53.61328,37.94350,-122.56430,0,,,,
2020-05-14 19:07:05 PDT,104,0,0,0,21.21000,53.60059,37.94350,-122.56430,0,,,,
2020-05-14 19:07:44 PDT,105,0,1,1,21.21000,53.48926,37.94350,-122.56430,4,,,,
2020-05-14 19:08:25 PDT,106,0,1,1,21.22000,53.43262,37.94350,-122.56430,4,,,,
2020-05-14 19:09:07 PDT,107,0,0,0,21.22000,53.47656,37.94350,-122.56430,0,,,,
2020-05-14 19:09:35 PDT,108,0,0,0,21.22000,53.53418,37.94350,-122.56430,0,,,,
2020-05-14 19:10:16 PDT,109,0,1,2,21.22000,53.50098,37.94350,-122.56430,4,,,,
2020-05-14 19:10:58 PDT,110,0,1,1,21.22000,53.50098,37.94350,-122.56430,4,,,,
2020-05-14 19:11:37 PDT,111,0,1,1,21.22000,53.61328,37.94350,-122.56430,4,,,,
2020-05-14 19:12:18 PDT,112,0,1,1,21.22000,53.63574,37.94350,-122.56430,4,,,,
2020-05-14 19:13:00 PDT,113,1,2,2,21.22000,53.74902,37.94350,-122.56430,8,,,,
2020-05-14 19:13:40 PDT,114,0,1,1,21.22000,53.43262,37.94350,-122.56430,4,,,,
2020-05-14 19:14:21 PDT,115,0,1,1,21.21000,53.42090,37.94350,-122.56430,4,,,,
2020-05-14 19:15:03 PDT,116,0,1,2,21.20000,53.35156,37.94350,-122.56430,4,,,,
2020-05-14 19:15:42 PDT,117,0,0,2,21.21000,53.33008,37.94350,-122.56430,0,,,,
2020-05-14 19:16:13 PDT,118,0,1,2,21.21000,53.40918,37.94350,-122.56430,4,,,,
2020-05-14 19:17:06 PDT,119,0,1,1,21.20000,53.55371,37.94350,-122.56430,4,,,,
2020-05-14 19:17:35 PDT,120,0,1,1,21.20000,53.54395,37.94350,-122.56430,4,,,,
2020-05-14 19:18:17 PDT,121,0,0,0,21.20000,53.55469,37.94350,-122.56430,0,,,,
2020-05-14 19:18:58 PDT,122,0,0,0,21.20000,53.58887,37.94350,-122.56430,0,,,,
2020-05-14 19:19:40 PDT,123,0,1,1,21.21000,53.47656,37.94350,-122.56430,4,,,,
2020-05-14 19:20:21 PDT,124,0,1,1,21.21000,53.50000,37.94350,-122.56430,4,,,,
2020-05-14 19:21:03 PDT,125,0,0,0,21.21000,53.47656,37.94350,-122.56430,0,,,,
2020-05-14 19:21:43 PDT,126,0,1,1,21.21000,53.50098,37.94350,-122.56430,4,,,,
2020-05-14 19:22:23 PDT,127,0,1,1,21.21000,53.58984,37.94350,-122.56430,4,,,,
2020-05-14 19:23:06 PDT,128,0,1,1,21.21000,53.50000,37.94350,-122.56430,4,,,,
2020-05-14 19:23:33 PDT,129,0,0,0,21.21000,53.45410,37.94350,-122.56430,0,,,,
2020-05-14 19:24:14 PDT,130,0,0,0,21.21000,53.36426,37.94350,-122.56430,0,,,,
2020-05-14 19:24:57 PDT,131,0,0,0,21.22000,53.46582,37.94350,-122.56430,0,,,,
2020-05-14 19:25:36 PDT,132,0,2,2,21.22000,53.50098,37.94350,-122.56430,8,,,,
2020-05-14 19:26:17 PDT,133,0,0,0,21.22000,53.53418,37.94350,-122.56430,0,,,,
2020-05-14 19:26:59 PDT,134,0,1,1,21.22000,53.63574,37.94350,-122.56430,4,,,,
2020-05-14 19:27:41 PDT,135,0,1,1,21.22000,53.66992,37.94350,-122.56430,4,,,,
2020-05-14 19:28:25 PDT,136,0,1,1,21.22000,53.66992,37.94350,-122.56430,4,,,,
2020-05-14 19:28:53 PDT,137,0,0,0,21.23000,53.73730,37.94350,-122.56430,0,,,,
2020-05-14 19:29:46 PDT,138,0,1,1,21.23000,53.75000,37.94350,-122.56430,4,,,,
2020-05-14 19:30:16 PDT,139,0,1,2,21.23000,53.58105,37.94350,-122.56430,4,,,,
2020-05-14 19:30:55 PDT,140,0,0,0,21.24000,53.39063,37.94350,-122.56430,0,,,,
2020-05-14 19:31:36 PDT,141,0,1,2,21.23000,53.29883,37.94350,-122.56430,4,,,,
2020-05-14 19:32:18 PDT,142,0,0,0,21.23000,53.35547,37.94350,-122.56430,0,,,,
2020-05-14 19:32:57 PDT,143,0,0,0,21.23000,53.36621,37.94350,-122.56430,0,,,,
2020-05-14 19:33:38 PDT,144,0,1,1,21.23000,53.44434,37.94350,-122.56430,4,,,,
2020-05-14 19:34:21 PDT,145,0,1,1,21.22000,53.48926,37.94350,-122.56430,4,,,,
2020-05-14 19:35:00 PDT,146,0,0,0,21.22000,53.54590,37.94350,-122.56430,0,,,,
2020-05-14 19:35:43 PDT,147,1,1,1,21.22000,53.61328,37.94350,-122.56430,4,,,,
2020-05-14 19:36:26 PDT,148,0,0,0,21.22000,53.51172,37.94350,-122.56430,0,,,,
2020-05-14 19:36:53 PDT,149,1,2,2,21.23000,53.53613,37.94350,-122.56430,8,,,,
2020-05-14 19:37:47 PDT,150,1,1,1,21.22000,53.56836,37.94350,-122.56430,4,,,,
2020-05-14 19:38:17 PDT,151,0,0,1,21.21000,53.48926,37.94350,-122.56430,0,,,,
2020-05-14 19:38:56 PDT,152,0,0,0,21.22000,53.43262,37.94350,-122.56430,0,,,,
2020-05-14 19:39:36 PDT,153,0,0,0,21.22000,53.56836,37.94350,-122.56430,0,,,,
2020-05-14 19:40:19 PDT,154,0,1,2,21.22000,53.61328,37.94350,-122.56430,4,,,,
2020-05-14 19:40:59 PDT,155,0,1,1,21.22000,53.48926,37.94350,-122.56430,4,,,,
2020-05-14 19:41:39 PDT,156,1,2,2,21.22000,53.53418,37.94350,-122.56430,8,,,,
2020-05-14 19:42:22 PDT,157,1,2,2,21.22000,53.65820,37.94350,-122.56430,8,,,,
2020-05-14 19:43:02 PDT,158,1,2,2,21.22000,53.75977,37.94350,-122.56430,8,,,,
2020-05-14 19:43:45 PDT,159,1,4,5,21.23000,53.72754,37.94350,-122.56430,16,,,,
2020-05-14 19:44:24 PDT,160,4,8,11,21.24000,53.69434,37.94350,-122.56430,33,,,,
2020-05-14 19:45:04 PDT,161,4,7,8,21.24000,53.63770,37.94350,-122.56430,29,,,,
2020-05-14 19:45:47 PDT,162,4,8,8,21.24000,53.71680,37.94350,-122.56430,33,,,,
2020-05-14 19:46:14 PDT,163,4,7,11,21.25000,53.75098,37.94350,-122.56430,29,,,,
2020-05-14 19:46:55 PDT,164,6,10,11,21.24000,53.85254,37.94350,-122.56430,41,,,,
2020-05-14 19:47:37 PDT,165,10,15,16,21.24000,54.02148,37.94350,-122.56430,57,,,,
2020-05-14 19:48:19 PDT,166,11,18,22,21.25000,53.91016,37.94350,-122.56430,63,,,,
2020-05-14 19:49:03 PDT,167,11,17,18,21.25000,54.02246,37.94350,-122.56430,61,,,,
2020-05-14 19:49:45 PDT,168,10,16,19,21.26000,54.01270,37.94350,-122.56430,59,,,,
2020-05-14 19:50:13 PDT,169,9,13,15,21.26000,54.04492,37.94350,-122.56430,52,,,,
2020-05-14 19:51:08 PDT,170,13,22,25,21.26000,54.10254,37.94350,-122.56430,71,,,,
2020-05-14 19:51:37 PDT,171,13,22,24,21.27000,54.20117,37.94350,-122.56430,71,,,,
2020-05-14 19:52:16 PDT,172,13,25,25,21.29000,54.13965,37.94350,-122.56430,78,,,,
2020-05-14 19:52:57 PDT,173,14,24,26,21.31000,54.43555,37.94350,-122.56430,76,,,,
2020-05-14 19:53:40 PDT,174,13,21,24,21.33000,54.33496,37.94350,-122.56430,69,,,,
2020-05-14 19:54:19 PDT,175,16,26,26,21.33000,54.55176,37.94350,-122.56430,80,,,,
2020-05-14 19:55:00 PDT,176,12,22,24,21.33000,54.53906,37.94350,-122.56430,71,,,,
2020-05-14 19:55:42 PDT,177,14,24,26,21.33000,54.37012,37.94350,-122.56430,76,,,,
2020-05-14 19:56:21 PDT,178,15,23,26,21.34000,54.34961,37.94350,-122.56430,73,,,,
2020-05-14 19:57:02 PDT,179,14,25,30,21.33000,54.35938,37.94350,-122.56430,78,,,,
2020-05-14 19:57:45 PDT,180,14,29,29,21.33000,54.49512,37.94350,-122.56430,86,,,,
2020-05-14 19:58:13 PDT,181,13,23,26,21.33000,54.60742,37.94350,-122.56430,73,,,,
2020-05-14 19:59:07 PDT,182,14,20,22,21.33000,54.67578,37.94350,-122.56430,67,,,,
2020-05-14 19:59:36 PDT,183,13,22,26,21.33000,54.64160,37.94350,-122.56430,71,,,,
2020-05-14 20:00:15 PDT,184,13,25,30,21.33000,54.46094,37.94350,-122.56430,78,,,,
2020-05-14 20:00:56 PDT,185,14,22,25,21.33000,54.45020,37.94350,-122.56430,71,,,,
2020-05-14 20:01:38 PDT,186,11,22,26,21.33000,54.40527,37.94350,-122.56430,71,,,,
2020-05-14 20:02:17 PDT,187,14,26,30,21.33000,54.22461,37.94350,-122.56430,80,,,,
2020-05-14 20:02:58 PDT,188,11,20,24,21.33000,54.15723,37.94350,-122.56430,67,,,,
2020-05-14 20:03:41 PDT,189,11,20,22,21.32000,54.14453,37.94350,-122.56430,67,,,,
2020-05-14 20:04:20 PDT,190,12,24,26,21.32000,54.12305,37.94350,-122.56430,76,,,,
2020-05-14 20:05:01 PDT,191,13,20,24,21.31000,54.12109,37.94350,-122.56430,67,,,,
2020-05-14 20:05:43 PDT,192,11,19,23,21.31000,54.10937,37.94350,-122.56430,65,,,,
2020-05-14 20:06:26 PDT,193,13,24,27,21.31000,54.14355,37.94350,-122.56430,76,,,,
2020-05-14 20:06:55 PDT,194,11,19,23,21.31000,54.09766,37.94350,-122.56430,65,,,,
2020-05-14 20:07:34 PDT,195,11,18,19,21.32000,54.16602,37.94350,-122.56430,63,,,,
2020-05-14 20:08:15 PDT,196,11,19,21,21.32000,54.18848,37.94350,-122.56430,65,,,,
2020-05-14 20:08:57 PDT,197,12,21,28,21.32000,54.27832,37.94350,-122.56430,69,,,,
2020-05-14 20:09:36 PDT,198,12,21,24,21.31000,54.41406,37.94350,-122.56430,69,,,,
2020-05-14 20:10:17 PDT,199,11,19,22,21.32000,54.40039,37.94350,-122.56430,65,,,,
2020-05-14 20:11:00 PDT,200,10,18,19,21.32000,54.55859,37.94350,-122.56430,63,,,,
2020-05-14 20:11:39 PDT,201,11,19,19,21.33000,54.68652,37.94350,-122.56430,65,,,,
2020-05-14 20:12:20 PDT,202,11,18,22,21.33000,54.73145,37.94350,-122.56430,63,,,,
2020-05-14 20:13:03 PDT,203,9,15,15,21.33000,54.75391,37.94350,-122.56430,57,,,,
2020-05-14 20:13:42 PDT,204,11,20,24,21.33000,54.72070,37.94350,-122.56430,67,,,,
2020-05-14 20:14:23 PDT,205,10,19,22,21.33000,54.59570,37.94350,-122.56430,65,,,,
2020-05-14 20:15:05 PDT,206,10,19,20,21.31000,54.52637,37.94350,-122.56430,65,,,,
2020-05-14 20:15:33 PDT,207,11,17,21,21.33000,54.60742,37.94350,-122.56430,61,,,,
2020-05-14 20:16:27 PDT,208,12,21,22,21.34000,55.24023,37.94350,-122.56430,69,,,,
2020-05-14 20:16:57 PDT,209,13,21,22,21.34000,55.47656,37.94350,-122.56430,69,,,,
2020-05-14 20:17:36 PDT,210,10,17,20,21.35000,55.55664,37.94350,-122.56430,61,,,,
2020-05-14 20:18:16 PDT,211,7,16,18,21.35000,55.63477,37.94350,-122.56430,59,,,,
2020-05-14 20:18:59 PDT,212,6,13,15,21.34000,56.59277,37.94350,-122.56430,52,,,,
2020-05-14 20:19:38 PDT,213,8,15,21,21.35000,56.88672,37.94350,-122.56430,57,,,,
2020-05-14 20:20:19 PDT,214,5,12,14,21.35000,56.54785,37.94350,-122.56430,50,,,,
2020-05-14 20:21:04 PDT,215,7,10,10,21.35000,55.94043,37.94350,-122.56430,41,,,,
2020-05-14 20:21:44 PDT,216,7,9,10,21.35000,55.94043,37.94350,-122.56430,37,,,,
2020-05-14 20:22:14 PDT,217,6,10,14,21.36000,56.27930,37.94350,-122.56430,41,,,,
2020-05-14 20:22:55 PDT,218,6,9,9,21.35000,56.22168,37.94350,-122.56430,37,,,,
2020-05-14 20:23:37 PDT,219,6,9,9,21.35000,56.36816,37.94350,-122.56430,37,,,,
2020-05-14 20:24:17 PDT,220,5,12,13,21.35000,56.28906,37.94350,-122.56430,50,,,,
2020-05-14 20:24:58 PDT,221,8,11,13,21.35000,56.36816,37.94350,-122.56430,45,,,,
2020-05-14 20:25:40 PDT,222,6,11,14,21.36000,56.63867,37.94350,-122.56430,45,,,,
2020-05-14 20:26:19 PDT,223,6,11,12,21.35000,56.59375,37.94350,-122.56430,45,,,,
2020-05-14 20:27:00 PDT,224,5,9,13,21.35000,56.53906,37.94350,-122.56430,37,,,,
2020-05-14 20:27:42 PDT,225,5,10,12,21.36000,55.95117,37.94350,-122.56430,41,,,,
2020-05-14 20:28:22 PDT,226,6,9,11,21.35000,55.79395,37.94350,-122.56430,37,,,,
2020-05-14 20:29:02 PDT,227,6,10,11,21.35000,55.75879,37.94350,-122.56430,41,,,,
2020-05-14 20:29:45 PDT,228,5,9,11,21.34000,55.88281,37.94350,-122.56430,37,,,,
2020-05-14 20:30:24 PDT,229,6,10,11,21.34000,55.65723,37.94350,-122.56430,41,,,,
2020-05-14 20:31:05 PDT,230,5,8,8,21.34000,55.73633,37.94350,-122.56430,33,,,,
2020-05-14 20:31:47 PDT,231,5,8,9,21.33000,55.74609,37.94350,-122.56430,33,,,,
2020-05-14 20:32:15 PDT,232,5,10,12,21.34000,56.06348,37.94350,-122.56430,41,,,,
2020-05-14 20:32:56 PDT,233,6,15,15,21.33000,55.93750,37.94350,-122.56430,57,,,,
2020-05-14 20:33:38 PDT,234,4,8,8,21.33000,56.03906,37.94350,-122.56430,33,,,,
2020-05-14 20:34:17 PDT,235,4,8,9,21.33000,56.00586,37.94350,-122.56430,33,,,,
2020-05-14 20:35:01 PDT,236,7,11,13,21.33000,55.88086,37.94350,-122.56430,45,,,,
2020-05-14 20:35:43 PDT,237,5,7,9,21.33000,55.63281,37.94350,-122.56430,29,,,,
2020-05-14 20:36:22 PDT,238,4,6,7,21.33000,55.73535,37.94350,-122.56430,25,,,,
2020-05-14 20:37:03 PDT,239,6,11,12,21.33000,56.09570,37.94350,-122.56430,45,,,,
2020-05-14 20:37:45 PDT,240,4,10,12,21.33000,55.97168,37.94350,-122.56430,41,,,,
2020-05-14 20:38:13 PDT,241,5,9,11,21.33000,55.91504,37.94350,-122.56430,37,,,,
2020-05-14 20:38:54 PDT,242,7,11,12,21.33000,55.83594,37.94350,-122.56430,45,,,,
2020-05-14 20:39:37 PDT,243,6,9,10,21.34000,55.63477,37.94350,-122.56430,37,,,,
2020-05-14 20:40:16 PDT,244,4,5,5,21.34000,55.40918,37.94350,-122.56430,20,,,,
2020-05-14 20:40:57 PDT,245,5,9,9,21.33000,55.30566,37.94350,-122.56430,37,,,,
2020-05-14 20:41:39 PDT,246,4,7,7,21.33000,55.45020,37.94350,-122.56430,29,,,,
2020-05-14 20:42:18 PDT,247,3,6,6,21.33000,55.38574,37.94350,-122.56430,25,,,,
2020-05-14 20:42:59 PDT,248,4,8,9,21.33000,55.50879,37.94350,-122.56430,33,,,,
2020-05-14 20:43:42 PDT,249,5,8,9,21.32000,55.47461,37.94350,-122.56430,33,,,,
2020-05-14 20:44:24 PDT,250,5,7,9,21.33000,55.44238,37.94350,-122.56430,29,,,,
2020-05-14 20:45:05 PDT,251,3,7,9,21.32000,55.41699,37.94350,-122.56430,29,,,,
2020-05-14 20:45:47 PDT,252,3,5,8,21.31000,55.34961,37.94350,-122.56430,20,,,,
2020-05-14 20:46:15 PDT,253,3,7,7,21.32000,55.34961,37.94350,-122.56430,29,,,,
2020-05-14 20:46:56 PDT,254,5,9,9,21.31000,55.32715,37.94350,-122.56430,37,,,,
2020-05-14 20:47:38 PDT,255,6,10,12,21.33000,55.41797,37.94350,-122.56430,41,,,,
2020-05-14 20:48:17 PDT,256,4,7,9,21.32000,55.38477,37.94350,-122.56430,29,,,,
2020-05-14 20:48:58 PDT,257,5,8,10,21.32000,55.36035,37.94350,-122.56430,33,,,,
2020-05-14 20:49:42 PDT,258,4,7,8,21.31000,55.25684,37.94350,-122.56430,29,,,,
2020-05-14 20:50:23 PDT,259,4,5,5,21.32000,55.25977,37.94350,-122.56430,20,,,,
2020-05-14 20:51:05 PDT,260,4,6,6,21.32000,55.21387,37.94350,-122.56430,25,,,,
2020-05-14 20:51:47 PDT,261,4,8,8,21.31000,55.23633,37.94350,-122.56430,33,,,,
2020-05-14 20:52:15 PDT,262,4,6,10,21.31000,55.22559,37.94350,-122.56430,25,,,,
2020-05-14 20:52:56 PDT,263,3,5,5,21.31000,55.36035,37.94350,-122.56430,20,,,,
2020-05-14 20:53:38 PDT,264,3,6,6,21.32000,55.30469,37.94350,-122.56430,25,,,,
2020-05-14 20:54:17 PDT,265,3,6,7,21.32000,55.27148,37.94350,-122.56430,25,,,,
2020-05-14 20:54:58 PDT,266,3,5,6,21.32000,55.19141,37.94350,-122.56430,20,,,,
2020-05-14 20:55:40 PDT,267,4,6,8,21.31000,55.06738,37.94350,-122.56430,25,,,,
2020-05-14 20:56:19 PDT,268,3,7,8,21.31000,55.15820,37.94350,-122.56430,29,,,,
2020-05-14 20:57:00 PDT,269,3,8,8,21.31000,55.21387,37.94350,-122.56430,33,,,,
2020-05-14 20:57:43 PDT,270,4,6,8,21.31000,55.24805,37.94350,-122.56430,25,,,,
2020-05-14 20:58:22 PDT,271,3,5,5,21.31000,55.18066,37.94350,-122.56430,20,,,,
2020-05-14 20:59:03 PDT,272,3,6,7,21.31000,55.27051,37.94350,-122.56430,25,,,,
2020-05-14 20:59:45 PDT,273,4,8,8,21.31000,55.13574,37.94350,-122.56430,33,,,,
2020-05-14 21:00:24 PDT,274,3,7,7,21.31000,55.18066,37.94350,-122.56430,29,,,,
2020-05-14 21:01:05 PDT,275,3,6,7,21.31000,55.15820,37.94350,-122.56430,25,,,,
2020-05-14 21:01:47 PDT,276,4,7,8,21.31000,55.15820,37.94350,-122.56430,29,,,,
2020-05-14 21:02:15 PDT,277,3,6,6,21.31000,55.12402,37.94350,-122.56430,25,,,,
2020-05-14 21:02:56 PDT,278,4,6,6,21.31000,55.24805,37.94350,-122.56430,25,,,,
2020-05-14 21:03:38 PDT,279,3,6,7,21.30000,55.27051,37.94350,-122.56430,25,,,,
2020-05-14 21:04:17 PDT,280,2,5,6,21.32000,55.12402,37.94350,-122.56430,20,,,,
2020-05-14 21:04:58 PDT,281,3,6,6,21.31000,54.96582,37.94350,-122.56430,25,,,,
2020-05-14 21:05:40 PDT,282,2,5,6,21.31000,54.92090,37.94350,-122.56430,20,,,,
2020-05-14 21:06:19 PDT,283,3,7,8,21.31000,54.96582,37.94350,-122.56430,29,,,,
2020-05-14 21:07:00 PDT,284,4,7,9,21.31000,54.89844,37.94350,-122.56430,29,,,,
2020-05-14 21:07:43 PDT,285,3,5,6,21.30000,54.84082,37.94350,-122.56430,20,,,,
2020-05-14 21:08:22 PDT,286,2,5,6,21.31000,54.79688,37.94350,-122.56430,20,,,,
2020-05-14 21:09:03 PDT,287,2,4,5,21.31000,54.74121,37.94350,-122.56430,16,,,,
2020-05-14 21:09:45 PDT,288,2,5,7,21.30000,54.76074,37.94350,-122.56430,20,,,,
2020-05-14 21:10:13 PDT,289,3,4,5,21.30000,54.70605,37.94350,-122.56430,16,,,,
2020-05-14 21:11:07 PDT,290,3,6,6,21.30000,54.64844,37.94350,-122.56430,25,,,,
2020-05-14 21:11:36 PDT,291,2,5,6,21.30000,54.71582,37.94350,-122.56430,20,,,,
2020-05-14 21:12:19 PDT,292,3,7,10,21.29000,54.81641,37.94350,-122.56430,29,,,,
2020-05-14 21:12:58 PDT,293,2,5,6,21.30000,54.87402,37.94350,-122.56430,20,,,,
2020-05-14 21:13:39 PDT,294,3,5,5,21.30000,54.98633,37.94350,-122.56430,20,,,,
2020-05-14 21:14:21 PDT,295,3,6,6,21.29000,54.96387,37.94350,-122.56430,25,,,,
2020-05-14 21:15:00 PDT,296,3,4,5,21.30000,54.96387,37.94350,-122.56430,16,,,,
2020-05-14 21:15:41 PDT,297,3,5,5,21.29000,54.88477,37.94350,-122.56430,20,,,,
2020-05-14 21:16:23 PDT,298,3,5,5,21.30000,54.63672,37.94350,-122.56430,20,,,,
2020-05-14 21:17:03 PDT,299,2,5,6,21.29000,54.62598,37.94350,-122.56430,20,,,,
2020-05-14 21:17:43 PDT,300,2,4,4,21.29000,54.56934,37.94350,-122.56430,16,,,,
2020-05-14 21:18:26 PDT,301,3,5,5,21.29000,54.55664,37.94350,-122.56430,20,,,,
2020-05-14 21:18:54 PDT,302,2,4,4,21.29000,54.60254,37.94350,-122.56430,16,,,,
2020-05-14 21:19:35 PDT,303,3,4,4,21.29000,54.59082,37.94350,-122.56430,16,,,,
2020-05-14 21:20:17 PDT,304,1,3,3,21.29000,54.61328,37.94350,-122.56430,12,,,,
2020-05-14 21:20:56 PDT,305,3,5,5,21.29000,54.63574,37.94350,-122.56430,20,,,,
2020-05-14 21:21:37 PDT,306,3,9,12,21.28000,54.60254,37.94350,-122.56430,37,,,,
2020-05-14 21:22:19 PDT,307,2,4,4,21.28000,54.55566,37.94350,-122.56430,16,,,,
2020-05-14 21:22:58 PDT,308,2,5,5,21.28000,54.51172,37.94350,-122.56430,20,,,,
2020-05-14 21:23:39 PDT,309,3,5,7,21.28000,54.53418,37.94350,-122.56430,20,,,,
2020-05-14 21:24:22 PDT,310,3,5,5,21.28000,54.56738,37.94350,-122.56430,20,,,,
2020-05-14 21:25:01 PDT,311,2,5,6,21.28000,54.61328,37.94350,-122.56430,20,,,,
2020-05-14 21:25:42 PDT,312,1,2,2,21.28000,54.51074,37.94350,-122.56430,8,,,,
2020-05-14 21:26:24 PDT,313,3,5,6,21.27000,54.47559,37.94350,-122.56430,20,,,,
2020-05-14 21:27:03 PDT,314,2,5,5,21.27000,54.46484,37.94350,-122.56430,20,,,,
2020-05-14 21:27:44 PDT,315,2,4,4,21.27000,54.50977,37.94350,-122.56430,16,,,,
2020-05-14 21:28:26 PDT,316,3,5,7,21.27000,54.53320,37.94350,-122.56430,20,,,,
2020-05-14 21:28:56 PDT,317,3,6,6,21.26000,54.50977,37.94350,-122.56430,25,,,,
2020-05-14 21:29:35 PDT,318,3,4,5,21.27000,54.54395,37.94350,-122.56430,16,,,,
2020-05-14 21:30:16 PDT,319,2,4,4,21.27000,54.54395,37.94350,-122.56430,16,,,,
2020-05-14 21:30:58 PDT,320,2,3,4,21.27000,54.57715,37.94350,-122.56430,12,,,,
2020-05-14 21:31:37 PDT,321,2,4,4,21.27000,54.48730,37.94350,-122.56430,16,,,,
2020-05-14 21:32:22 PDT,322,2,5,7,21.27000,54.40820,37.94350,-122.56430,20,,,,
2020-05-14 21:33:01 PDT,323,2,4,4,21.27000,54.37500,37.94350,-122.56430,16,,,,
2020-05-14 21:33:45 PDT,324,2,2,2,21.26000,54.38574,37.94350,-122.56430,8,,,,
2020-05-14 21:34:24 PDT,325,2,3,3,21.26000,54.38574,37.94350,-122.56430,12,,,,
2020-05-14 21:35:04 PDT,326,1,3,3,21.26000,54.37207,37.94350,-122.56430,12,,,,
2020-05-14 21:35:47 PDT,327,1,3,3,21.26000,54.36230,37.94350,-122.56430,12,,,,
2020-05-14 21:36:14 PDT,328,1,3,3,21.26000,54.43066,37.94350,-122.56430,12,,,,
2020-05-14 21:36:55 PDT,329,1,3,3,21.25000,54.41699,37.94350,-122.56430,12,,,,
2020-05-14 21:37:38 PDT,330,3,3,5,21.25000,54.39551,37.94350,-122.56430,12,,,,
2020-05-14 21:38:17 PDT,331,2,3,3,21.26000,54.33984,37.94350,-122.56430,12,,,,
2020-05-14 21:38:58 PDT,332,2,4,5,21.25000,54.32715,37.94350,-122.56430,16,,,,
2020-05-14 21:39:40 PDT,333,2,5,5,21.25000,54.31445,37.94350,-122.56430,20,,,,
2020-05-14 21:40:19 PDT,334,3,4,4,21.25000,54.31543,37.94350,-122.56430,16,,,,
2020-05-14 21:41:00 PDT,335,2,3,5,21.25000,54.37109,37.94350,-122.56430,12,,,,
2020-05-14 21:41:43 PDT,336,2,4,4,21.23000,54.37012,37.94350,-122.56430,16,,,,
2020-05-14 21:42:25 PDT,337,2,3,3,21.24000,54.29199,37.94350,-122.56430,12,,,,
2020-05-14 21:42:53 PDT,338,2,4,7,21.24000,54.25879,37.94350,-122.56430,16,,,,
2020-05-14 21:43:47 PDT,339,1,2,2,21.24000,54.28125,37.94350,-122.56430,8,,,,
2020-05-14 21:44:16 PDT,340,2,4,5,21.24000,54.39355,37.94350,-122.56430,16,,,,
2020-05-14 21:44:59 PDT,341,2,3,5,21.23000,54.43750,37.94350,-122.56430,12,,,,
2020-05-14 21:45:38 PDT,342,2,4,6,21.24000,54.43848,37.94350,-122.56430,16,,,,
2020-05-14 21:46:19 PDT,343,2,3,4,21.24000,54.43848,37.94350,-122.56430,12,,,,
2020-05-14 21:47:01 PDT,344,1,3,3,21.24000,54.33691,37.94350,-122.56430,12,,,,
2020-05-14 21:47:40 PDT,345,3,4,4,21.24000,54.39355,37.94350,-122.56430,16,,,,
2020-05-14 21:48:21 PDT,346,1,2,4,21.23000,54.35840,37.94350,-122.56430,8,,,,
2020-05-14 21:49:04 PDT,347,2,3,4,21.22000,54.34668,37.94350,-122.56430,12,,,,
2020-05-14 21:49:43 PDT,348,1,2,5,21.22000,54.27832,37.94350,-122.56430,8,,,,
2020-05-14 21:50:24 PDT,349,1,3,5,21.21000,54.26660,37.94350,-122.56430,12,,,,
2020-05-14 21:51:06 PDT,350,2,4,5,21.21000,54.28906,37.94350,-122.56430,16,,,,
2020-05-14 21:51:34 PDT,351,2,3,3,21.21000,54.31152,37.94350,-122.56430,12,,,,
2020-05-14 21:52:15 PDT,352,2,3,3,21.20000,54.47852,37.94350,-122.56430,12,,,,
2020-05-14 21:52:58 PDT,353,2,3,3,21.21000,54.52539,37.94350,-122.56430,12,,,,
2020-05-14 21:53:37 PDT,354,3,6,7,21.22000,54.56055,37.94350,-122.56430,25,,,,
2020-05-14 21:54:18 PDT,355,2,6,6,21.22000,54.50391,37.94350,-122.56430,25,,,,
2020-05-14 21:55:00 PDT,356,2,3,3,21.22000,54.52637,37.94350,-122.56430,12,,,,
2020-05-14 21:55:42 PDT,357,1,2,2,21.23000,54.56055,37.94350,-122.56430,8,,,,
2020-05-14 21:56:22 PDT,358,1,1,1,21.23000,54.58301,37.94350,-122.56430,4,,,,
2020-05-14 21:57:05 PDT,359,2,3,3,21.24000,54.58496,37.94350,-122.56430,12,,,,
2020-05-14 21:57:36 PDT,360,2,4,4,21.24000,54.55176,37.94350,-122.56430,16,,,,
2020-05-14 21:58:17 PDT,361,2,4,5,21.24000,54.51758,37.94350,-122.56430,16,,,,
2020-05-14 21:58:59 PDT,362,1,3,4,21.25000,54.51758,37.94350,-122.56430,12,,,,
2020-05-14 21:59:38 PDT,363,1,1,3,21.26000,54.49707,37.94350,-122.56430,4,,,,
2020-05-14 22:00:19 PDT,364,2,3,4,21.24000,54.48340,37.94350,-122.56430,12,,,,
2020-05-14 22:01:02 PDT,365,1,2,3,21.24000,54.48340,37.94350,-122.56430,8,,,,
2020-05-14 22:01:41 PDT,366,2,3,3,21.25000,54.48438,37.94350,-122.56430,12,,,,
2020-05-15 08:47:43 PDT,367,1,2,2,21.06000,51.00098,37.94350,-122.56430,8,,,,
2020-05-15 08:48:25 PDT,368,2,3,3,21.06000,50.94238,37.94350,-122.56430,12,,,,
2020-05-15 08:48:53 PDT,369,0,2,2,21.06000,51.00098,37.94350,-122.56430,8,,,,
2020-05-15 08:49:34 PDT,370,1,1,1,21.04000,50.95312,37.94350,-122.56430,4,,,,
2020-05-15 08:50:16 PDT,371,1,2,2,21.03000,50.78223,37.94350,-122.56430,8,,,,
2020-05-15 08:50:55 PDT,372,0,0,0,21.03000,50.82812,37.94350,-122.56430,0,,,,
2020-05-15 08:51:36 PDT,373,1,3,3,21.03000,51.06348,37.94350,-122.56430,12,,,,
2020-05-15 08:52:18 PDT,374,1,5,5,21.02000,50.85059,37.94350,-122.56430,20,,,,
2020-05-15 08:52:57 PDT,375,0,1,1,21.03000,50.95215,37.94350,-122.56430,4,,,,
2020-05-15 08:53:38 PDT,376,0,1,1,21.02000,50.99707,37.94350,-122.56430,4,,,,
2020-05-15 08:54:21 PDT,377,1,1,1,21.00000,50.92773,37.94350,-122.56430,4,,,,
2020-05-15 08:55:00 PDT,378,1,3,3,21.02000,51.13281,37.94350,-122.56430,12,,,,
2020-05-15 08:55:44 PDT,379,1,1,3,21.02000,51.02832,37.94350,-122.56430,4,,,,
2020-05-15 08:56:15 PDT,380,1,3,3,21.02000,50.98535,37.94350,-122.56430,12,,,,
2020-05-15 08:56:56 PDT,381,1,2,3,21.03000,50.96289,37.94350,-122.56430,8,,,,
2020-05-15 08:57:38 PDT,382,2,2,3,21.03000,50.95215,37.94350,-122.56430,8,,,,
2020-05-15 08:58:17 PDT,383,0,1,1,21.02000,50.89551,37.94350,-122.56430,4,,,,
2020-05-15 08:58:58 PDT,384,1,2,2,21.03000,50.82812,37.94350,-122.56430,8,,,,
2020-05-15 08:59:40 PDT,385,1,3,3,21.04000,50.94141,37.94350,-122.56430,12,,,,
2020-05-15 09:00:19 PDT,386,0,1,1,21.03000,50.94043,37.94350,-122.56430,4,,,,
2020-05-15 09:01:00 PDT,387,0,2,2,21.05000,50.95508,37.94350,-122.56430,8,,,,
2020-05-15 09:01:43 PDT,388,1,3,3,21.06000,50.87695,37.94350,-122.56430,12,,,,
2020-05-15 09:02:13 PDT,389,0,1,2,21.07000,50.86719,37.94350,-122.56430,4,,,,
2020-05-15 09:02:54 PDT,390,2,3,4,21.07000,51.02441,37.94350,-122.56430,12,,,,
2020-05-15 09:03:36 PDT,391,1,2,4,21.07000,50.96875,37.94350,-122.56430,8,,,,
2020-05-15 09:04:15 PDT,392,2,3,5,21.09000,50.92676,37.94350,-122.56430,12,,,,
2020-05-15 09:04:56 PDT,393,1,2,3,21.09000,50.85840,37.94350,-122.56430,8,,,,
2020-05-15 09:05:39 PDT,394,1,2,2,21.09000,50.86914,37.94350,-122.56430,8,,,,
2020-05-15 09:06:18 PDT,395,1,3,3,21.11000,50.90527,37.94350,-122.56430,12,,,,
2020-05-15 09:06:58 PDT,396,1,2,2,21.10000,50.99414,37.94350,-122.56430,8,,,,
2020-05-15 09:07:41 PDT,397,1,2,2,21.12000,50.98535,37.94350,-122.56430,8,,,,
2020-05-15 09:08:20 PDT,398,2,3,3,21.13000,51.05371,37.94350,-122.56430,12,,,,
2020-05-15 09:09:01 PDT,399,1,2,3,21.11000,51.14258,37.94350,-122.56430,8,,,,
2020-05-15 09:09:43 PDT,400,1,3,3,21.13000,51.05371,37.94350,-122.56430,12,,,,
2020-05-15 09:10:22 PDT,401,2,3,3,21.15000,51.07813,37.94350,-122.56430,12,,,,
2020-05-15 09:11:03 PDT,402,1,2,2,21.16000,51.10156,37.94350,-122.56430,8,,,,
2020-05-15 09:15:01 PDT,403,1,3,3,21.56000,49.62402,37.94350,-122.56430,12,,,,
2020-05-15 09:15:43 PDT,404,2,2,2,21.60000,49.50391,37.94350,-122.56430,8,,,,
2020-05-15 09:16:14 PDT,405,1,3,3,21.62000,49.40430,37.94350,-122.56430,12,,,,
2020-05-15 09:16:58 PDT,406,2,3,6,21.64000,49.27148,37.94350,-122.56430,12,,,,
2020-05-15 09:17:40 PDT,407,1,2,2,21.67000,49.12598,37.94350,-122.56430,8,,,,
2020-05-15 09:18:20 PDT,408,2,2,2,21.69000,49.37793,37.94350,-122.56430,8,,,,
2020-05-15 09:19:00 PDT,409,1,2,2,21.70000,49.32324,37.94350,-122.56430,8,,,,
2020-05-15 09:19:43 PDT,410,1,3,3,21.73000,49.99219,37.94350,-122.56430,12,,,,
2020-05-15 09:20:10 PDT,411,3,4,4,21.74000,49.73437,37.94350,-122.56430,16,,,,
2020-05-15 09:20:54 PDT,412,3,4,5,21.77000,50.12109,37.94350,-122.56430,16,,,,
2020-05-15 09:21:37 PDT,413,1,3,3,21.78000,50.08789,37.94350,-122.56430,12,,,,
2020-05-15 09:22:16 PDT,414,1,3,3,21.80000,50.12402,37.94350,-122.56430,12,,,,
2020-05-15 09:22:57 PDT,415,2,5,5,21.82000,49.59570,37.94350,-122.56430,20,,,,
2020-05-15 09:23:39 PDT,416,2,4,4,21.84000,50.14063,37.94350,-122.56430,16,,,,
2020-05-15 10:27:21 PDT,417,1,2,2,nan,nan,37.94560,-122.56340,8,,,,
2020-05-15 10:27:53 PDT,418,2,3,3,nan,nan,37.94560,-122.56340,12,,,,
2020-05-15 10:28:33 PDT,419,1,2,3,nan,nan,37.94560,-122.56340,8,,,,
2020-05-15 10:29:13 PDT,420,2,2,3,nan,nan,37.94560,-122.56340,8,,,,
2020-05-15 10:29:56 PDT,421,1,2,2,nan,nan,37.94560,-122.56340,8,,,,
2020-05-15 10:30:38 PDT,422,2,2,2,nan,nan,37.94560,-122.56340,8,,,,
2020-05-16 22:03:17 PDT,423,0,1,1,21.06000,58.71777,37.94560,-122.56340,4,,,,
2020-05-16 22:03:57 PDT,424,1,1,1,21.07000,58.73145,37.94560,-122.56340,4,,,,
2020-05-16 22:04:38 PDT,425,1,3,3,21.09000,58.69043,37.94560,-122.56340,12,,,,
2020-05-16 22:05:20 PDT,426,0,1,1,21.11000,58.54492,37.94560,-122.56340,4,,,,
2020-05-16 22:05:49 PDT,427,0,1,1,21.12000,58.51270,37.94560,-122.56340,4,,,,
2020-05-16 22:06:31 PDT,428,0,1,1,21.13000,58.50293,37.94560,-122.56340,4,,,,
2020-05-16 22:07:14 PDT,429,0,1,1,21.16000,58.49414,37.94560,-122.56340,4,,,,
2020-05-16 22:07:53 PDT,430,0,1,1,21.17000,58.37305,37.94560,-122.56340,4,,,,
2020-05-16 22:08:34 PDT,431,1,2,2,21.18000,58.39746,37.94560,-122.56340,8,,,,
2020-05-16 22:09:16 PDT,432,1,1,1,21.20000,58.39941,37.94560,-122.56340,4,,,,
2020-05-16 22:09:58 PDT,433,0,1,1,21.22000,58.33398,37.94560,-122.56340,4,,,,
2020-05-16 22:10:29 PDT,434,1,2,2,21.24000,58.23535,37.94560,-122.56340,8,,,,
2020-05-16 22:11:10 PDT,435,1,1,1,21.25000,58.25879,37.94560,-122.56340,4,,,,
2020-05-16 22:11:52 PDT,436,0,0,1,21.27000,58.20508,37.94560,-122.56340,0,,,,
2020-05-16 22:12:35 PDT,437,1,1,1,21.28000,58.21875,37.94560,-122.56340,4,,,,
2020-05-16 22:13:14 PDT,438,1,2,3,21.30000,58.17676,37.94560,-122.56340,8,,,,
2020-05-16 22:13:55 PDT,439,0,1,2,21.31000,57.98633,37.94560,-122.56340,4,,,,
2020-05-16 22:14:37 PDT,440,0,1,1,21.33000,58.00000,37.94560,-122.56340,4,,,,
2020-05-16 22:15:20 PDT,441,0,1,1,21.35000,57.95703,37.94560,-122.56340,4,,,,
2020-05-16 22:15:49 PDT,442,0,1,1,21.36000,57.95703,37.94560,-122.56340,4,,,,
2020-05-16 22:16:30 PDT,443,1,3,3,21.37000,57.89160,37.94560,-122.56340,12,,,,
2020-05-16 22:17:11 PDT,444,0,0,0,21.38000,57.89453,37.94560,-122.56340,0,,,,
2020-05-16 22:17:54 PDT,445,1,2,2,21.40000,57.82812,37.94560,-122.56340,8,,,,
2020-05-16 22:18:33 PDT,446,0,1,1,21.42000,57.71777,37.94560,-122.56340,4,,,,
2020-05-16 22:19:14 PDT,447,1,2,2,21.43000,57.73145,37.94560,-122.56340,8,,,,
2020-05-16 22:19:56 PDT,448,0,0,0,21.45000,57.72070,37.94560,-122.56340,0,,,,
2020-05-16 22:20:35 PDT,449,1,1,1,21.46000,57.64453,37.94560,-122.56340,4,,,,
2020-05-16 22:21:16 PDT,450,1,1,1,21.47000,57.69141,37.94560,-122.56340,4,,,,
2020-05-16 22:21:59 PDT,451,0,2,2,21.48000,57.66992,37.94560,-122.56340,8,,,,
2020-05-16 22:22:26 PDT,452,0,0,0,21.49000,57.56934,37.94560,-122.56340,0,,,,
2020-05-16 22:23:20 PDT,453,0,0,0,21.50000,57.42480,37.94560,-122.56340,0,,,,
2020-05-16 22:23:49 PDT,454,0,2,4,21.51000,57.49316,37.94560,-122.56340,8,,,,
2020-05-16 22:24:28 PDT,455,0,1,1,21.52000,57.48242,37.94560,-122.56340,4,,,,
2020-05-16 22:25:09 PDT,456,1,1,1,21.52000,57.45020,37.94560,-122.56340,4,,,,
2020-05-16 22:25:52 PDT,457,0,1,1,21.53000,57.49609,37.94560,-122.56340,4,,,,
2020-05-16 22:26:34 PDT,458,0,0,1,21.55000,57.44141,37.94560,-122.56340,0,,,,
2020-05-16 22:27:13 PDT,459,0,1,1,21.55000,57.39746,37.94560,-122.56340,4,,,,
2020-05-16 22:27:54 PDT,460,0,0,0,21.55000,57.35254,37.94560,-122.56340,0,,,,
2020-05-16 22:28:36 PDT,461,1,1,1,21.57000,57.29785,37.94560,-122.56340,4,,,,
2020-05-16 22:29:15 PDT,462,0,1,2,21.58000,57.24316,37.94560,-122.56340,4,,,,
2020-05-16 22:29:56 PDT,463,0,1,1,21.59000,57.26660,37.94560,-122.56340,4,,,,
2020-05-16 22:30:40 PDT,464,1,2,2,21.59000,57.31152,37.94560,-122.56340,8,,,,
2020-05-16 22:31:09 PDT,465,0,0,0,21.60000,57.22266,37.94560,-122.56340,0,,,,
2020-05-16 22:31:48 PDT,466,0,0,0,21.61000,57.19043,37.94560,-122.56340,0,,,,
2020-05-16 22:32:32 PDT,467,0,1,1,21.62000,57.18066,37.94560,-122.56340,4,,,,
2020-05-16 22:33:14 PDT,468,1,1,1,21.62000,57.19238,37.94560,-122.56340,4,,,,
2020-05-16 22:33:54 PDT,469,0,1,1,21.63000,57.13574,37.94560,-122.56340,4,,,,
2020-05-16 22:34:35 PDT,470,0,2,2,21.63000,57.19238,37.94560,-122.56340,8,,,,
2020-05-16 22:35:17 PDT,471,0,0,3,21.64000,57.13867,37.94560,-122.56340,0,,,,
2020-05-16 22:35:59 PDT,472,0,1,1,21.65000,57.09375,37.94560,-122.56340,4,,,,
2020-05-16 22:36:27 PDT,473,0,1,1,21.66000,57.06055,37.94560,-122.56340,4,,,,
2020-05-16 22:37:08 PDT,474,0,0,2,21.67000,56.99414,37.94560,-122.56340,0,,,,
2020-05-16 22:37:50 PDT,475,0,1,1,21.67000,57.03906,37.94560,-122.56340,4,,,,
2020-05-16 22:38:29 PDT,476,1,2,2,21.67000,56.96191,37.94560,-122.56340,8,,,,
2020-05-16 22:39:10 PDT,477,0,1,1,21.68000,56.96191,37.94560,-122.56340,4,,,,
2020-05-16 22:39:53 PDT,478,1,2,5,21.69000,56.91797,37.94560,-122.56340,8,,,,
2020-05-16 22:40:31 PDT,479,0,2,3,21.69000,56.95410,37.94560,-122.56340,8,,,,
2020-05-16 22:41:12 PDT,480,1,2,4,21.70000,57.03320,37.94560,-122.56340,8,,,,
2020-05-16 22:41:51 PDT,481,1,1,1,21.70000,56.95410,37.94560,-122.56340,4,,,,
2020-05-16 22:42:32 PDT,482,0,0,0,21.70000,56.88672,37.94560,-122.56340,0,,,,
2020-05-16 22:43:17 PDT,483,0,0,0,21.71000,56.90039,37.94560,-122.56340,0,,,,
2020-05-16 22:43:58 PDT,484,0,1,2,21.71000,56.87598,37.94560,-122.56340,4,,,,
2020-05-16 22:44:40 PDT,485,0,1,1,21.71000,56.83203,37.94560,-122.56340,4,,,,
2020-05-16 22:45:08 PDT,486,1,2,2,21.71000,56.82129,37.94560,-122.56340,8,,,,
2020-05-16 22:45:49 PDT,487,2,2,2,21.72000,56.87695,37.94560,-122.56340,8,,,,
2020-05-16 22:46:31 PDT,488,0,1,1,21.72000,56.82129,37.94560,-122.56340,4,,,,
2020-05-16 22:47:13 PDT,489,0,1,1,21.73000,56.77832,37.94560,-122.56340,4,,,,
2020-05-16 22:47:55 PDT,490,1,1,1,21.74000,56.82422,37.94560,-122.56340,4,,,,
2020-05-16 22:48:36 PDT,491,1,1,2,21.75000,56.79102,37.94560,-122.56340,4,,,,
2020-05-16 22:49:18 PDT,492,1,1,1,21.75000,56.76855,37.94560,-122.56340,4,,,,
2020-05-16 22:49:46 PDT,493,0,0,0,21.76000,56.78027,37.94560,-122.56340,0,,,,
2020-05-16 22:50:40 PDT,494,1,1,1,21.75000,56.79102,37.94560,-122.56340,4,,,,
2020-05-16 22:51:09 PDT,495,0,0,0,21.74000,56.76953,37.94560,-122.56340,0,,,,
2020-05-16 22:51:49 PDT,496,1,2,2,21.76000,56.69043,37.94560,-122.56340,8,,,,
2020-05-16 22:52:29 PDT,497,0,1,1,21.76000,56.67871,37.94560,-122.56340,4,,,,
2020-05-16 22:53:12 PDT,498,0,1,1,21.76000,56.69141,37.94560,-122.56340,4,,,,
2020-05-16 22:53:54 PDT,499,0,0,1,21.76000,56.57910,37.94560,-122.56340,0,,,,
2020-05-16 22:54:33 PDT,500,1,2,2,21.77000,56.56738,37.94560,-122.56340,8,,,,
2020-05-16 22:55:14 PDT,501,1,1,1,21.77000,56.54590,37.94560,-122.56340,4,,,,
2020-05-16 22:55:57 PDT,502,1,1,1,21.77000,56.56738,37.94560,-122.56340,4,,,,
2020-05-16 22:56:39 PDT,503,0,1,1,21.78000,56.59277,37.94560,-122.56340,4,,,,
2020-05-16 22:57:07 PDT,504,0,0,0,21.78000,56.63770,37.94560,-122.56340,0,,,,
2020-05-16 22:57:48 PDT,505,0,0,0,21.79000,56.62695,37.94560,-122.56340,0,,,,
2020-05-16 22:58:30 PDT,506,0,0,0,21.79000,56.51367,37.94560,-122.56340,0,,,,
2020-05-16 22:59:12 PDT,507,1,2,2,21.79000,56.49219,37.94560,-122.56340,8,,,,
2020-05-16 22:59:51 PDT,508,0,1,1,21.79000,56.57129,37.94560,-122.56340,4,,,,
2020-05-16 23:00:32 PDT,509,1,2,3,21.78000,56.47949,37.94560,-122.56340,8,,,,
2020-05-16 23:01:14 PDT,510,1,3,3,21.78000,56.46680,37.94560,-122.56340,12,,,,
2020-05-16 23:01:57 PDT,511,1,2,2,21.78000,56.58008,37.94560,-122.56340,8,,,,
2020-05-16 23:02:39 PDT,512,1,2,2,21.78000,56.55762,37.94560,-122.56340,8,,,,
2020-05-16 23:03:08 PDT,513,1,1,1,21.78000,56.53613,37.94560,-122.56340,4,,,,
2020-05-16 23:03:48 PDT,514,1,1,1,21.77000,56.50098,37.94560,-122.56340,4,,,,
2020-05-16 23:04:29 PDT,515,0,1,1,21.77000,56.53516,37.94560,-122.56340,4,,,,
2020-05-16 23:05:11 PDT,516,0,0,0,21.77000,56.59082,37.94560,-122.56340,0,,,,
2020-05-16 23:05:53 PDT,517,0,1,1,21.77000,56.55664,37.94560,-122.56340,4,,,,
2020-05-16 23:06:32 PDT,518,0,1,1,21.77000,56.53320,37.94560,-122.56340,4,,,,
2020-05-16 23:07:13 PDT,519,1,1,1,21.77000,56.45508,37.94560,-122.56340,4,,,,
2020-05-16 23:07:56 PDT,520,1,2,2,21.77000,56.52246,37.94560,-122.56340,8,,,,
2020-05-16 23:08:39 PDT,521,0,1,2,21.76000,56.52246,37.94560,-122.56340,4,,,,
2020-05-16 23:09:06 PDT,522,0,2,3,21.76000,56.50000,37.94560,-122.56340,8,,,,
2020-05-16 23:10:00 PDT,523,0,1,2,21.75000,56.62109,37.94560,-122.56340,4,,,,
2020-05-16 23:10:30 PDT,524,1,1,1,21.75000,56.47461,37.94560,-122.56340,4,,,,
2020-05-16 23:11:12 PDT,525,0,0,0,21.74000,56.58691,37.94560,-122.56340,0,,,,
2020-05-16 23:11:54 PDT,526,0,0,1,21.73000,56.59766,37.94560,-122.56340,0,,,,
2020-05-16 23:12:37 PDT,527,1,2,2,21.73000,56.55176,37.94560,-122.56340,8,,,,
2020-05-16 23:13:16 PDT,528,0,0,0,21.73000,56.52930,37.94560,-122.56340,0,,,,
2020-05-16 23:13:57 PDT,529,1,3,3,21.73000,56.50781,37.94560,-122.56340,12,,,,
2020-05-16 23:14:39 PDT,530,1,2,4,21.72000,56.61816,37.94560,-122.56340,8,,,,
2020-05-16 23:15:07 PDT,531,1,1,4,21.73000,56.61914,37.94560,-122.56340,4,,,,
2020-05-16 23:15:48 PDT,532,1,1,1,21.72000,56.58398,37.94560,-122.56340,4,,,,
2020-05-16 23:16:30 PDT,533,0,1,1,21.72000,56.64063,37.94560,-122.56340,4,,,,
2020-05-16 23:17:09 PDT,534,1,2,2,21.72000,56.71973,37.94560,-122.56340,8,,,,
2020-05-16 23:17:50 PDT,535,1,1,1,21.72000,56.66309,37.94560,-122.56340,4,,,,
2020-05-16 23:18:29 PDT,536,1,2,2,21.73000,56.42773,37.94560,-122.56340,8,,,,
2020-05-16 23:19:10 PDT,537,0,0,0,21.72000,56.54980,37.94560,-122.56340,0,,,,
2020-05-16 23:19:49 PDT,538,1,2,3,21.74000,56.54297,37.94560,-122.56340,8,,,,
2020-05-16 23:20:30 PDT,539,1,1,2,21.73000,56.67578,37.94560,-122.56340,4,,,,
2020-05-16 23:21:09 PDT,540,0,1,1,21.73000,56.67578,37.94560,-122.56340,4,,,,
2020-05-16 23:21:53 PDT,541,0,2,3,21.73000,56.77637,37.94560,-122.56340,8,,,,
2020-05-16 23:22:32 PDT,542,1,2,2,21.72000,56.74219,37.94560,-122.56340,8,,,,
2020-05-16 23:23:15 PDT,543,1,1,1,21.71000,56.77637,37.94560,-122.56340,4,,,,
2020-05-16 23:23:58 PDT,544,0,0,0,21.71000,56.73047,37.94560,-122.56340,0,,,,
2020-05-16 23:24:37 PDT,545,1,2,2,21.70000,56.75098,37.94560,-122.56340,8,,,,
2020-05-16 23:25:18 PDT,546,1,2,2,21.70000,56.70605,37.94560,-122.56340,8,,,,
2020-05-16 23:26:00 PDT,547,0,1,1,21.70000,56.71680,37.94560,-122.56340,4,,,,
2020-05-16 23:26:28 PDT,548,1,1,1,21.70000,56.75098,37.94560,-122.56340,4,,,,
2020-05-16 23:27:09 PDT,549,1,1,1,21.70000,56.74023,37.94560,-122.56340,4,,,,
2020-05-16 23:27:51 PDT,550,1,2,3,21.69000,56.78516,37.94560,-122.56340,8,,,,
2020-05-16 23:28:34 PDT,551,0,2,2,21.69000,56.78320,37.94560,-122.56340,8,,,,
2020-05-16 23:29:13 PDT,552,0,0,0,21.69000,56.87305,37.94560,-122.56340,0,,,,
2020-05-16 23:29:54 PDT,553,0,1,1,21.68000,56.86133,37.94560,-122.56340,4,,,,
2020-05-16 23:30:36 PDT,554,0,0,1,21.68000,56.99609,37.94560,-122.56340,0,,,,
2020-05-16 23:31:15 PDT,555,0,0,0,21.67000,56.89453,37.94560,-122.56340,0,,,,
2020-05-16 23:31:56 PDT,556,1,2,2,21.67000,56.91699,37.94560,-122.56340,8,,,,
2020-05-16 23:32:35 PDT,557,0,2,2,21.66000,56.81348,37.94560,-122.56340,8,,,,
2020-05-16 23:33:09 PDT,558,1,3,3,21.67000,56.79297,37.94560,-122.56340,12,,,,
2020-05-16 23:33:50 PDT,559,1,2,2,21.67000,56.82520,37.94560,-122.56340,8,,,,
2020-05-16 23:34:32 PDT,560,0,0,0,21.67000,56.82617,37.94560,-122.56340,0,,,,
2020-05-16 23:35:14 PDT,561,1,2,2,21.67000,56.74707,37.94560,-122.56340,8,,,,
2020-05-16 23:35:54 PDT,562,1,1,1,21.68000,56.74707,37.94560,-122.56340,4,,,,
2020-05-16 23:36:34 PDT,563,0,1,2,21.68000,56.81641,37.94560,-122.56340,4,,,,
2020-05-16 23:37:17 PDT,564,0,1,1,21.68000,56.90527,37.94560,-122.56340,4,,,,
2020-05-16 23:37:56 PDT,565,0,1,1,21.68000,56.80469,37.94560,-122.56340,4,,,,
2020-05-16 23:38:37 PDT,566,1,1,1,21.68000,56.77051,37.94560,-122.56340,4,,,,
2020-05-16 23:39:19 PDT,567,1,2,2,21.69000,56.76074,37.94560,-122.56340,8,,,,
2020-05-16 23:39:46 PDT,568,1,2,3,21.69000,56.88477,37.94560,-122.56340,8,,,,
2020-05-16 23:40:40 PDT,569,0,1,1,21.69000,56.89551,37.94560,-122.56340,4,,,,
2020-05-16 23:41:10 PDT,570,0,0,1,21.68000,56.91797,37.94560,-122.56340,0,,,,
2020-05-16 23:41:52 PDT,571,0,1,1,21.69000,56.94043,37.94560,-122.56340,4,,,,
2020-05-16 23:42:34 PDT,572,1,2,2,21.68000,57.00781,37.94560,-122.56340,8,,,,
2020-05-16 23:43:15 PDT,573,0,1,1,21.68000,56.84863,37.94560,-122.56340,4,,,,
2020-05-16 23:43:57 PDT,574,0,1,1,21.68000,56.90625,37.94560,-122.56340,4,,,,
2020-05-16 23:44:39 PDT,575,0,1,1,21.68000,56.92773,37.94560,-122.56340,4,,,,
2020-05-16 23:45:07 PDT,576,0,0,0,21.68000,56.90527,37.94560,-122.56340,0,,,,
2020-05-16 23:45:48 PDT,577,1,3,3,21.68000,56.92773,37.94560,-122.56340,12,,,,
2020-05-16 23:46:31 PDT,578,1,2,2,21.68000,56.88379,37.94560,-122.56340,8,,,,
2020-05-16 23:47:13 PDT,579,0,2,2,21.68000,56.99707,37.94560,-122.56340,8,,,,
2020-05-16 23:47:52 PDT,580,1,2,3,21.69000,56.94043,37.94560,-122.56340,8,,,,
2020-05-16 23:48:33 PDT,581,0,1,1,21.68000,57.03027,37.94560,-122.56340,4,,,,
2020-05-16 23:49:15 PDT,582,0,1,1,21.67000,56.98438,37.94560,-122.56340,4,,,,
2020-05-16 23:49:58 PDT,583,0,0,0,21.68000,56.93945,37.94560,-122.56340,0,,,,
2020-05-16 23:50:37 PDT,584,1,2,3,21.67000,56.98438,37.94560,-122.56340,8,,,,
2020-05-16 23:51:18 PDT,585,0,0,0,21.67000,56.98438,37.94560,-122.56340,0,,,,
2020-05-16 23:52:00 PDT,586,0,0,0,21.67000,57.09570,37.94560,-122.56340,0,,,,
2020-05-16 23:52:29 PDT,587,1,1,1,21.67000,57.16504,37.94560,-122.56340,4,,,,
2020-05-16 23:53:11 PDT,588,1,2,2,21.66000,57.06250,37.94560,-122.56340,8,,,,
2020-05-16 23:53:53 PDT,589,0,0,1,21.66000,57.07324,37.94560,-122.56340,0,,,,
2020-05-16 23:54:33 PDT,590,0,2,3,21.66000,57.05078,37.94560,-122.56340,8,,,,
2020-05-16 23:55:13 PDT,591,1,1,1,21.66000,57.05078,37.94560,-122.56340,4,,,,
2020-05-16 23:55:56 PDT,592,0,2,2,21.66000,57.06055,37.94560,-122.56340,8,,,,
2020-05-16 23:56:38 PDT,593,1,2,2,21.66000,57.10547,37.94560,-122.56340,8,,,,
2020-05-16 23:57:17 PDT,594,1,1,1,21.65000,57.10449,37.94560,-122.56340,4,,,,
2020-05-16 23:57:58 PDT,595,0,2,2,21.65000,57.12695,37.94560,-122.56340,8,,,,
2020-05-16 23:58:28 PDT,596,0,2,2,21.65000,57.21484,37.94560,-122.56340,8,,,,
2020-05-16 23:59:10 PDT,597,0,0,0,21.64000,57.14844,37.94560,-122.56340,0,,,,
2020-05-16 23:59:49 PDT,598,0,2,2,21.64000,57.29492,37.94560,-122.56340,8,,,,
2020-05-17 00:00:30 PDT,599,0,1,2,21.64000,57.26172,37.94560,-122.56340,4,,,,
2020-05-17 00:01:12 PDT,600,0,1,2,21.64000,57.21484,37.94560,-122.56340,4,,,,
2020-05-17 00:01:51 PDT,601,0,2,2,21.64000,57.19531,37.94560,-122.56340,8,,,,
2020-05-17 00:02:32 PDT,602,0,0,0,21.63000,57.10254,37.94560,-122.56340,0,,,,
2020-05-17 00:03:11 PDT,603,0,0,0,21.64000,57.20605,37.94560,-122.56340,0,,,,
2020-05-17 00:03:52 PDT,604,0,0,0,21.63000,57.31738,37.94560,-122.56340,0,,,,
2020-05-17 00:04:31 PDT,605,0,1,1,21.63000,57.31738,37.94560,-122.56340,4,,,,
2020-05-17 00:05:12 PDT,606,0,1,3,21.63000,57.32910,37.94560,-122.56340,4,,,,
2020-05-17 00:05:51 PDT,607,0,1,1,21.63000,57.32813,37.94560,-122.56340,4,,,,
2020-05-17 00:06:32 PDT,608,0,0,0,21.62000,57.35937,37.94560,-122.56340,0,,,,
2020-05-17 00:07:15 PDT,609,0,1,1,21.62000,57.31641,37.94560,-122.56340,4,,,,
2020-05-17 00:07:54 PDT,610,0,1,1,21.62000,57.27148,37.94560,-122.56340,4,,,,
2020-05-17 00:08:35 PDT,611,0,2,2,21.62000,57.35059,37.94560,-122.56340,8,,,,
2020-05-17 00:09:17 PDT,612,0,1,1,21.61000,57.39355,37.94560,-122.56340,4,,,,
2020-05-17 00:09:56 PDT,613,1,1,1,21.61000,57.40527,37.94560,-122.56340,4,,,,
2020-05-17 00:10:26 PDT,614,0,0,0,21.62000,57.30371,37.94560,-122.56340,0,,,,
2020-05-17 00:11:20 PDT,615,0,0,0,21.61000,57.33691,37.94560,-122.56340,0,,,,
2020-05-17 00:11:49 PDT,616,0,1,1,21.61000,57.35937,37.94560,-122.56340,4,,,,
2020-05-17 00:12:32 PDT,617,0,1,1,21.60000,57.41406,37.94560,-122.56340,4,,,,
2020-05-17 00:13:10 PDT,618,0,0,1,21.60000,57.42578,37.94560,-122.56340,0,,,,
2020-05-17 00:13:51 PDT,619,0,0,0,21.60000,57.43750,37.94560,-122.56340,0,,,,
2020-05-17 00:14:35 PDT,620,0,2,2,21.60000,57.35840,37.94560,-122.56340,8,,,,
2020-05-17 00:15:18 PDT,621,0,1,1,21.60000,57.39160,37.94560,-122.56340,4,,,,
2020-05-17 00:15:57 PDT,622,0,0,1,21.60000,57.38086,37.94560,-122.56340,0,,,,
2020-05-17 00:16:38 PDT,623,0,1,1,21.60000,57.35840,37.94560,-122.56340,4,,,,
2020-05-17 00:17:20 PDT,624,0,1,1,21.59000,57.44727,37.94560,-122.56340,4,,,,
2020-05-17 00:17:49 PDT,625,0,1,1,21.59000,57.43555,37.94560,-122.56340,4,,,,
2020-05-17 00:18:28 PDT,626,0,1,1,21.60000,57.44824,37.94560,-122.56340,4,,,,
2020-05-17 00:19:09 PDT,627,0,1,1,21.59000,57.33398,37.94560,-122.56340,4,,,,
2020-05-17 00:19:51 PDT,628,0,1,1,21.59000,57.32324,37.94560,-122.56340,4,,,,
2020-05-17 00:20:34 PDT,629,0,1,1,21.59000,57.32227,37.94560,-122.56340,4,,,,
2020-05-17 00:21:16 PDT,630,0,0,0,21.58000,57.36719,37.94560,-122.56340,0,,,,
2020-05-17 00:21:58 PDT,631,0,0,0,21.57000,57.40137,37.94560,-122.56340,0,,,,
2020-05-17 00:22:40 PDT,632,0,1,1,21.58000,57.47949,37.94560,-122.56340,4,,,,
2020-05-17 00:23:10 PDT,633,0,0,1,21.59000,57.52539,37.94560,-122.56340,0,,,,
2020-05-17 00:23:49 PDT,634,0,0,0,21.58000,57.49121,37.94560,-122.56340,0,,,,
2020-05-17 00:24:30 PDT,635,0,1,1,21.59000,57.45703,37.94560,-122.56340,4,,,,
2020-05-17 00:25:12 PDT,636,0,1,1,21.58000,57.46875,37.94560,-122.56340,4,,,,
2020-05-17 00:25:54 PDT,637,0,1,1,21.58000,57.51367,37.94560,-122.56340,4,,,,
2020-05-17 00:26:36 PDT,638,0,1,1,21.58000,57.53613,37.94560,-122.56340,4,,,,
2020-05-17 00:27:19 PDT,639,0,0,0,21.58000,57.46875,37.94560,-122.56340,0,,,,
2020-05-17 00:27:46 PDT,640,0,0,0,21.58000,57.40137,37.94560,-122.56340,0,,,,
2020-05-17 00:28:40 PDT,641,0,0,0,21.58000,57.41211,37.94560,-122.56340,0,,,,
2020-05-17 00:29:09 PDT,642,0,1,1,21.57000,57.50195,37.94560,-122.56340,4,,,,
2020-05-17 00:29:48 PDT,643,1,1,1,21.58000,57.50195,37.94560,-122.56340,4,,,,
2020-05-17 00:30:29 PDT,644,0,0,0,21.57000,57.46875,37.94560,-122.56340,0,,,,
2020-05-17 00:31:11 PDT,645,0,1,1,21.58000,57.44629,37.94560,-122.56340,4,,,,
2020-05-17 00:31:50 PDT,646,0,0,0,21.58000,57.41211,37.94560,-122.56340,0,,,,
2020-05-17 00:32:31 PDT,647,0,0,0,21.57000,57.42090,37.94560,-122.56340,0,,,,
2020-05-17 00:33:13 PDT,648,0,0,0,21.57000,57.42090,37.94560,-122.56340,0,,,,
2020-05-17 00:33:55 PDT,649,0,0,0,21.58000,57.40137,37.94560,-122.56340,0,,,,
2020-05-17 00:34:34 PDT,650,0,0,0,21.58000,57.50195,37.94560,-122.56340,0,,,,
2020-05-17 00:35:15 PDT,651,0,0,2,21.57000,57.47852,37.94560,-122.56340,0,,,,
2020-05-17 00:36:01 PDT,652,0,0,0,21.57000,57.45703,37.94560,-122.56340,0,,,,
2020-05-17 00:36:28 PDT,653,0,1,1,21.58000,57.38965,37.94560,-122.56340,4,,,,
2020-05-17 00:37:09 PDT,654,0,0,0,21.58000,57.34473,37.94560,-122.56340,0,,,,
2020-05-17 00:37:51 PDT,655,0,0,0,21.58000,57.33301,37.94560,-122.56340,0,,,,
2020-05-17 00:38:31 PDT,656,0,0,0,21.58000,57.44629,37.94560,-122.56340,0,,,,
2020-05-17 00:39:12 PDT,657,0,0,2,21.57000,57.42188,37.94560,-122.56340,0,,,,
2020-05-17 00:39:54 PDT,658,0,0,2,21.57000,57.42090,37.94560,-122.56340,0,,,,
2020-05-17 00:40:33 PDT,659,0,0,0,21.57000,57.42383,37.94560,-122.56340,0,,,,
2020-05-17 00:41:13 PDT,660,0,0,1,21.56000,57.46777,37.94560,-122.56340,0,,,,
2020-05-17 00:41:55 PDT,661,0,0,0,21.56000,57.51074,37.94560,-122.56340,0,,,,
2020-05-17 00:42:34 PDT,662,0,1,1,21.57000,57.45605,37.94560,-122.56340,4,,,,
2020-05-17 00:43:15 PDT,663,0,1,1,21.56000,57.52246,37.94560,-122.56340,4,,,,
2020-05-17 00:43:58 PDT,664,0,0,0,21.56000,57.42090,37.94560,-122.56340,0,,,,
2020-05-17 00:44:40 PDT,665,0,1,1,21.56000,57.45410,37.94560,-122.56340,4,,,,
2020-05-17 00:45:08 PDT,666,0,0,0,21.57000,57.42090,37.94560,-122.56340,0,,,,
2020-05-17 00:45:49 PDT,667,0,0,0,21.56000,57.44434,37.94560,-122.56340,0,,,,
2020-05-17 00:46:31 PDT,668,0,0,0,21.57000,57.43359,37.94560,-122.56340,0,,,,
2020-05-17 00:47:13 PDT,669,0,0,0,21.57000,57.38867,37.94560,-122.56340,0,,,,
2020-05-17 00:47:54 PDT,670,1,1,1,21.56000,57.40137,37.94560,-122.56340,4,,,,
2020-05-17 00:48:37 PDT,671,0,1,1,21.56000,57.48828,37.94560,-122.56340,4,,,,
2020-05-17 00:49:16 PDT,672,0,0,0,21.57000,57.52344,37.94560,-122.56340,0,,,,
2020-05-17 00:49:57 PDT,673,0,0,0,21.56000,57.51074,37.94560,-122.56340,0,,,,
2020-05-17 00:50:39 PDT,674,0,1,1,21.56000,57.61133,37.94560,-122.56340,4,,,,
2020-05-17 00:51:08 PDT,675,0,0,0,21.55000,57.62305,37.94560,-122.56340,0,,,,
2020-05-17 00:51:47 PDT,676,0,0,0,21.55000,57.61133,37.94560,-122.56340,0,,,,
2020-05-17 00:52:28 PDT,677,0,0,0,21.55000,57.66797,37.94560,-122.56340,0,,,,
2020-05-17 00:53:11 PDT,678,0,0,0,21.55000,57.54297,37.94560,-122.56340,0,,,,
2020-05-17 00:53:50 PDT,679,0,0,0,21.54000,57.57617,37.94560,-122.56340,0,,,,
2020-05-17 00:54:31 PDT,680,0,0,0,21.55000,57.66699,37.94560,-122.56340,0,,,,
2020-05-17 00:55:13 PDT,681,0,0,0,21.54000,57.62109,37.94560,-122.56340,0,,,,
2020-05-17 00:55:52 PDT,682,0,0,1,21.54000,57.62109,37.94560,-122.56340,0,,,,
2020-05-17 00:56:33 PDT,683,0,0,0,21.54000,57.64258,37.94560,-122.56340,0,,,,
2020-05-17 00:57:12 PDT,684,0,1,1,21.54000,57.64453,37.94560,-122.56340,4,,,,
2020-05-17 00:57:53 PDT,685,0,0,0,21.53000,57.68652,37.94560,-122.56340,0,,,,
2020-05-17 00:58:33 PDT,686,0,0,0,21.53000,57.61914,37.94560,-122.56340,0,,,,
2020-05-17 00:59:13 PDT,687,0,0,0,21.53000,57.66406,37.94560,-122.56340,0,,,,
2020-05-17 00:59:52 PDT,688,0,0,0,21.52000,57.65332,37.94560,-122.56340,0,,,,
2020-05-17 01:00:34 PDT,689,0,0,0,21.52000,57.68555,37.94560,-122.56340,0,,,,
2020-05-17 01:01:13 PDT,690,0,0,0,21.52000,57.74316,37.94560,-122.56340,0,,,,
2020-05-17 01:01:53 PDT,691,0,1,1,21.51000,57.77441,37.94560,-122.56340,4,,,,
2020-05-17 01:02:33 PDT,692,0,0,0,21.51000,57.77441,37.94560,-122.56340,0,,,,
2020-05-17 01:03:14 PDT,693,0,1,1,21.50000,57.79688,37.94560,-122.56340,4,,,,
2020-05-17 01:03:56 PDT,694,0,0,0,21.50000,57.76172,37.94560,-122.56340,0,,,,
2020-05-17 01:04:35 PDT,695,0,1,1,21.50000,57.75195,37.94560,-122.56340,4,,,,
2020-05-17 01:05:16 PDT,696,0,0,0,21.49000,57.78320,37.94560,-122.56340,0,,,,
2020-05-17 01:05:58 PDT,697,0,0,0,21.49000,57.73828,37.94560,-122.56340,0,,,,
2020-05-17 01:06:37 PDT,698,0,0,0,21.49000,57.78320,37.94560,-122.56340,0,,,,
2020-05-17 01:07:18 PDT,699,0,1,1,21.48000,57.73730,37.94560,-122.56340,4,,,,
2020-05-17 01:07:57 PDT,700,0,1,1,21.49000,57.74805,37.94560,-122.56340,4,,,,
2020-05-17 01:08:38 PDT,701,0,1,1,21.48000,57.71484,37.94560,-122.56340,4,,,,
2020-05-17 01:09:17 PDT,702,0,0,0,21.49000,57.81738,37.94560,-122.56340,0,,,,
2020-05-17 01:09:58 PDT,703,0,0,0,21.48000,57.80469,37.94560,-122.56340,0,,,,
2020-05-17 01:10:37 PDT,704,0,0,0,21.48000,57.80469,37.94560,-122.56340,0,,,,
2020-05-17 01:11:18 PDT,705,0,0,0,21.48000,57.69238,37.94560,-122.56340,0,,,,
2020-05-17 01:11:57 PDT,706,0,0,0,21.48000,57.80469,37.94560,-122.56340,0,,,,
2020-05-17 01:12:38 PDT,707,0,1,2,21.48000,57.73730,37.94560,-122.56340,4,,,,
2020-05-17 01:13:17 PDT,708,0,0,0,21.48000,57.77148,37.94560,-122.56340,0,,,,
2020-05-17 01:13:58 PDT,709,0,2,2,21.47000,57.76855,37.94560,-122.56340,8,,,,
2020-05-17 01:14:37 PDT,710,0,0,1,21.47000,57.71484,37.94560,-122.56340,0,,,,
2020-05-17 01:15:18 PDT,711,0,0,0,21.48000,57.74805,37.94560,-122.56340,0,,,,
2020-05-17 01:16:00 PDT,712,0,1,1,21.47000,57.70117,37.94560,-122.56340,4,,,,
2020-05-17 01:16:29 PDT,713,0,0,0,21.47000,57.78027,37.94560,-122.56340,0,,,,
2020-05-17 01:17:08 PDT,714,0,1,1,21.47000,57.87109,37.94560,-122.56340,4,,,,
2020-05-17 01:17:49 PDT,715,0,0,0,21.46000,57.78027,37.94560,-122.56340,0,,,,
2020-05-17 01:18:32 PDT,716,0,0,0,21.46000,57.79102,37.94560,-122.56340,0,,,,
2020-05-17 01:19:14 PDT,717,0,0,0,21.47000,57.84863,37.94560,-122.56340,0,,,,
2020-05-17 01:19:53 PDT,718,0,0,0,21.47000,57.84863,37.94560,-122.56340,0,,,,
2020-05-17 01:20:34 PDT,719,0,0,0,21.46000,57.90332,37.94560,-122.56340,0,,,,
2020-05-17 01:21:16 PDT,720,0,2,2,21.45000,57.91504,37.94560,-122.56340,8,,,,
2020-05-17 01:21:58 PDT,721,0,0,0,21.45000,57.77832,37.94560,-122.56340,0,,,,
2020-05-17 01:22:37 PDT,722,0,0,0,21.45000,57.85742,37.94560,-122.56340,0,,,,
2020-05-17 01:23:18 PDT,723,0,0,0,21.45000,57.84668,37.94560,-122.56340,0,,,,
2020-05-17 01:23:47 PDT,724,0,0,0,21.45000,57.79004,37.94560,-122.56340,0,,,,
2020-05-17 01:24:30 PDT,725,0,0,0,21.45000,57.83496,37.94560,-122.56340,0,,,,
2020-05-17 01:25:09 PDT,726,0,0,0,21.44000,57.77734,37.94560,-122.56340,0,,,,
2020-05-17 01:25:50 PDT,727,0,0,1,21.44000,57.84473,37.94560,-122.56340,0,,,,
2020-05-17 01:26:32 PDT,728,0,0,0,21.45000,57.76660,37.94560,-122.56340,0,,,,
2020-05-17 01:27:14 PDT,729,0,0,0,21.44000,57.69824,37.94560,-122.56340,0,,,,
2020-05-17 01:27:53 PDT,730,0,0,0,21.43000,57.75391,37.94560,-122.56340,0,,,,
2020-05-17 01:28:34 PDT,731,0,1,1,21.43000,57.74219,37.94560,-122.56340,4,,,,
2020-05-17 01:29:16 PDT,732,0,1,1,21.43000,57.78711,37.94560,-122.56340,4,,,,
2020-05-17 01:29:59 PDT,733,0,0,0,21.43000,57.86523,37.94560,-122.56340,0,,,,
2020-05-17 01:30:26 PDT,734,0,0,0,21.43000,57.91113,37.94560,-122.56340,0,,,,
2020-05-17 01:31:20 PDT,735,0,0,0,21.42000,57.81934,37.94560,-122.56340,0,,,,
2020-05-17 01:31:50 PDT,736,0,0,0,21.42000,57.85254,37.94560,-122.56340,0,,,,
2020-05-17 01:32:32 PDT,737,0,0,0,21.42000,57.81934,37.94560,-122.56340,0,,,,
2020-05-17 01:33:11 PDT,738,0,0,0,21.42000,57.89746,37.94560,-122.56340,0,,,,
2020-05-17 01:33:52 PDT,739,0,0,1,21.40000,57.79492,37.94560,-122.56340,0,,,,
2020-05-17 01:34:35 PDT,740,0,1,1,21.40000,57.79395,37.94560,-122.56340,4,,,,
2020-05-17 01:35:17 PDT,741,0,0,0,21.39000,57.83887,37.94560,-122.56340,0,,,,
2020-05-17 01:35:59 PDT,742,0,0,0,21.39000,57.84961,37.94560,-122.56340,0,,,,
2020-05-17 01:36:29 PDT,743,0,0,0,21.39000,57.79297,37.94560,-122.56340,0,,,,
2020-05-17 01:37:08 PDT,744,0,0,0,21.38000,57.78125,37.94560,-122.56340,0,,,,
2020-05-17 01:37:48 PDT,745,0,0,0,21.38000,57.75781,37.94560,-122.56340,0,,,,
2020-05-17 01:38:31 PDT,746,0,1,1,21.38000,57.76953,37.94560,-122.56340,4,,,,
2020-05-17 01:39:10 PDT,747,0,0,0,21.38000,57.67969,37.94560,-122.56340,0,,,,
2020-05-17 01:39:51 PDT,748,0,0,0,21.38000,57.74707,37.94560,-122.56340,0,,,,
2020-05-17 01:40:33 PDT,749,0,0,0,21.38000,57.84961,37.94560,-122.56340,0,,,,
2020-05-17 01:41:15 PDT,750,0,0,0,21.38000,57.82617,37.94560,-122.56340,0,,,,
2020-05-17 01:41:55 PDT,751,0,0,0,21.39000,57.87207,37.94560,-122.56340,0,,,,
2020-05-17 01:42:36 PDT,752,0,0,0,21.38000,57.82520,37.94560,-122.56340,0,,,,
2020-05-17 01:43:18 PDT,753,0,0,0,21.37000,57.84766,37.94560,-122.56340,0,,,,
2020-05-17 01:44:00 PDT,754,0,0,0,21.36000,57.92480,37.94560,-122.56340,0,,,,
2020-05-17 01:44:28 PDT,755,0,0,0,21.36000,57.81152,37.94560,-122.56340,0,,,,
2020-05-17 01:45:09 PDT,756,0,0,0,21.36000,57.85547,37.94560,-122.56340,0,,,,
2020-05-17 01:45:51 PDT,757,0,0,1,21.35000,57.84473,37.94560,-122.56340,0,,,,
2020-05-17 01:46:30 PDT,758,0,0,0,21.35000,57.79980,37.94560,-122.56340,0,,,,
2020-05-17 01:47:11 PDT,759,0,1,1,21.35000,57.86523,37.94560,-122.56340,4,,,,
2020-05-17 01:47:54 PDT,760,0,0,0,21.34000,57.95605,37.94560,-122.56340,0,,,,
2020-05-17 01:48:33 PDT,761,0,0,0,21.34000,57.92188,37.94560,-122.56340,0,,,,
2020-05-17 01:49:14 PDT,762,0,0,0,21.34000,57.92188,37.94560,-122.56340,0,,,,
2020-05-17 01:49:56 PDT,763,0,0,0,21.34000,57.86523,37.94560,-122.56340,0,,,,
2020-05-17 01:50:39 PDT,764,0,0,0,21.33000,57.88672,37.94560,-122.56340,0,,,,
2020-05-17 01:51:08 PDT,765,0,0,0,21.33000,57.85254,37.94560,-122.56340,0,,,,
2020-05-17 01:51:47 PDT,766,0,0,0,21.33000,57.97754,37.94560,-122.56340,0,,,,
2020-05-17 01:52:31 PDT,767,0,0,0,21.32000,57.90723,37.94560,-122.56340,0,,,,
2020-05-17 01:53:13 PDT,768,0,0,0,21.32000,57.85059,37.94560,-122.56340,0,,,,
2020-05-17 01:53:52 PDT,769,0,0,0,21.32000,57.95215,37.94560,-122.56340,0,,,,
2020-05-17 01:54:33 PDT,770,0,0,0,21.31000,57.86230,37.94560,-122.56340,0,,,,
2020-05-17 01:55:15 PDT,771,0,1,2,21.30000,57.88379,37.94560,-122.56340,4,,,,
2020-05-17 01:55:58 PDT,772,0,0,0,21.30000,57.87109,37.94560,-122.56340,0,,,,
2020-05-17 01:56:37 PDT,773,0,0,0,21.30000,57.85937,37.94560,-122.56340,0,,,,
2020-05-17 01:57:17 PDT,774,0,0,0,21.29000,57.83594,37.94560,-122.56340,0,,,,
2020-05-17 01:58:00 PDT,775,0,0,0,21.29000,57.88086,37.94560,-122.56340,0,,,,
2020-05-17 01:58:27 PDT,776,0,0,1,21.29000,57.87109,37.94560,-122.56340,0,,,,
2020-05-17 01:59:08 PDT,777,0,0,0,21.29000,57.81348,37.94560,-122.56340,0,,,,
2020-05-17 01:59:51 PDT,778,0,1,1,21.28000,57.85840,37.94560,-122.56340,4,,,,
2020-05-17 02:00:33 PDT,779,0,0,0,21.28000,57.84766,37.94560,-122.56340,0,,,,
2020-05-17 02:01:12 PDT,780,0,0,0,21.28000,57.84766,37.94560,-122.56340,0,,,,
2020-05-17 02:01:53 PDT,781,0,0,0,21.28000,57.88086,37.94560,-122.56340,0,,,,
2020-05-17 02:02:35 PDT,782,0,0,0,21.27000,57.76758,37.94560,-122.56340,0,,,,
2020-05-17 02:03:18 PDT,783,0,0,0,21.28000,57.77832,37.94560,-122.56340,0,,,,
2020-05-17 02:03:57 PDT,784,0,0,0,21.28000,57.82520,37.94560,-122.56340,0,,,,
2020-05-17 02:04:28 PDT,785,0,0,0,21.28000,57.89258,37.94560,-122.56340,0,,,,
2020-05-17 02:05:09 PDT,786,0,0,0,21.27000,57.92383,37.94560,-122.56340,0,,,,
2020-05-17 02:05:51 PDT,787,0,0,0,21.27000,57.84473,37.94560,-122.56340,0,,,,
2020-05-17 02:06:30 PDT,788,0,0,0,21.27000,57.94629,37.94560,-122.56340,0,,,,
2020-05-17 02:07:11 PDT,789,0,0,0,21.26000,57.87793,37.94560,-122.56340,0,,,,
2020-05-17 02:07:53 PDT,790,0,0,0,21.26000,57.87598,37.94560,-122.56340,0,,,,
2020-05-17 02:08:36 PDT,791,0,0,0,21.25000,57.88770,37.94560,-122.56340,0,,,,
2020-05-17 02:09:18 PDT,792,0,0,0,21.25000,57.90918,37.94560,-122.56340,0,,,,
2020-05-17 02:10:01 PDT,793,0,0,0,21.24000,57.85254,37.94560,-122.56340,0,,,,
2020-05-17 02:10:28 PDT,794,0,0,0,21.24000,57.93164,37.94560,-122.56340,0,,,,
2020-05-17 02:11:09 PDT,795,0,0,0,21.24000,57.95410,37.94560,-122.56340,0,,,,
2020-05-17 02:11:54 PDT,796,0,0,0,21.24000,57.90918,37.94560,-122.56340,0,,,,
2020-05-17 02:12:33 PDT,797,0,0,0,21.23000,57.98535,37.94560,-122.56340,0,,,,
2020-05-17 02:13:14 PDT,798,0,0,0,21.23000,57.94141,37.94560,-122.56340,0,,,,
2020-05-17 02:13:57 PDT,799,0,0,0,21.22000,57.88379,37.94560,-122.56340,0,,,,
2020-05-17 02:14:36 PDT,800,0,0,0,21.22000,57.90625,37.94560,-122.56340,0,,,,
2020-05-17 02:15:17 PDT,801,0,0,0,21.21000,57.87305,37.94560,-122.56340,0,,,,
2020-05-17 02:15:59 PDT,802,0,0,0,21.21000,57.88281,37.94560,-122.56340,0,,,,
2020-05-17 02:16:29 PDT,803,0,0,0,21.21000,57.83789,37.94560,-122.56340,0,,,,
2020-05-17 02:17:10 PDT,804,0,0,0,21.21000,57.90527,37.94560,-122.56340,0,,,,
2020-05-17 02:17:51 PDT,805,0,0,0,21.20000,57.93750,37.94560,-122.56340,0,,,,
2020-05-17 02:18:34 PDT,806,0,0,0,21.20000,57.90332,37.94560,-122.56340,0,,,,
2020-05-17 02:19:16 PDT,807,0,0,0,21.20000,57.97070,37.94560,-122.56340,0,,,,
2020-05-17 02:19:55 PDT,808,0,0,0,21.19000,57.92578,37.94560,-122.56340,0,,,,
2020-05-17 02:20:36 PDT,809,0,0,0,21.19000,57.95801,37.94560,-122.56340,0,,,,
2020-05-17 02:21:18 PDT,810,0,0,0,21.18000,57.82129,37.94560,-122.56340,0,,,,
2020-05-17 02:21:46 PDT,811,0,0,0,21.18000,57.94531,37.94560,-122.56340,0,,,,
2020-05-17 02:22:40 PDT,812,0,0,0,21.17000,57.97949,37.94560,-122.56340,0,,,,
2020-05-17 02:23:08 PDT,813,0,0,0,21.17000,58.00098,37.94560,-122.56340,0,,,,
2020-05-17 02:23:48 PDT,814,0,0,0,21.16000,58.04590,37.94560,-122.56340,0,,,,
2020-05-17 02:24:28 PDT,815,0,0,0,21.16000,58.06738,37.94560,-122.56340,0,,,,
2020-05-17 02:25:08 PDT,816,0,0,0,21.15000,58.04297,37.94560,-122.56340,0,,,,
2020-05-17 02:25:47 PDT,817,0,0,0,21.14000,58.12207,37.94560,-122.56340,0,,,,
2020-05-17 02:26:28 PDT,818,0,0,0,21.14000,58.03125,37.94560,-122.56340,0,,,,
2020-05-17 02:27:07 PDT,819,0,0,0,21.13000,58.01855,37.94560,-122.56340,0,,,,
2020-05-17 02:27:47 PDT,820,0,1,1,21.13000,58.10840,37.94560,-122.56340,4,,,,
2020-05-17 02:28:26 PDT,821,0,0,0,21.12000,58.17480,37.94560,-122.56340,0,,,,
2020-05-17 02:29:08 PDT,822,0,0,0,21.11000,58.18652,37.94560,-122.56340,0,,,,
2020-05-17 02:29:47 PDT,823,0,0,0,21.11000,58.20703,37.94560,-122.56340,0,,,,
2020-05-17 02:30:28 PDT,824,0,0,0,21.10000,58.19531,37.94560,-122.56340,0,,,,
2020-05-17 02:31:07 PDT,825,0,0,0,21.10000,58.20605,37.94560,-122.56340,0,,,,
2020-05-17 02:31:47 PDT,826,0,0,0,21.09000,58.18262,37.94560,-122.56340,0,,,,
2020-05-17 02:32:27 PDT,827,0,1,1,21.08000,58.31641,37.94560,-122.56340,4,,,,
2020-05-17 02:33:20 PDT,828,0,0,0,21.07000,58.34863,37.94560,-122.56340,0,,,,
2020-05-17 02:33:48 PDT,829,0,0,0,21.06000,58.26855,37.94560,-122.56340,0,,,,
2020-05-17 02:34:29 PDT,830,0,0,0,21.05000,58.30176,37.94560,-122.56340,0,,,,
